學年度,類別,開設系所名稱,學制,名額,領域別
115,招生名額,化學工程與材料工程系碩士班,日間碩士班,47,工業領域
115,招生名額,化學工程與材料工程系碩士在職專班,碩士在職專班,20,工業領域
115,招生名額,人力資源發展系,四技日間部-技高生,50,其他
115,招生名額,人力資源發展系,四技日間部-普高生,1,其他
115,招生名額,土木工程系碩士班,日間碩士班,38,工業領域
115,招生名額,土木工程系土木工程與防災科技碩士在職專班,碩士在職專班,45,工業領域
115,招生名額,文化創意產業系,四技日間部-技高生,46,其他
115,招生名額,文化創意產業系,四技日間部-普高生,1,其他
115,招生名額,化學工程與材料工程系博士班,博士班,2,工業領域
115,招生名額,機械工程系碩士班,日間碩士班,73,工業領域
115,招生名額,機械工程系碩士在職專班,碩士在職專班,35,工業領域
115,招生名額,化學工程與材料工程系,四技日間部-技高生,92,工業領域
115,招生名額,化學工程與材料工程系,四技日間部-普高生,23,工業領域
115,招生名額,土木工程系土木工程科技博士班,博士班,5,工業領域
115,招生名額,模具工程系碩士班,日間碩士班,70,工業領域
115,招生名額,模具工程系碩士在職專班,碩士在職專班,17,工業領域
115,招生名額,土木工程系,四技日間部-技高生,108,工業領域
115,招生名額,土木工程系,四技日間部-普高生,23,工業領域
115,招生名額,土木工程系,二技進修部,60,工業領域
115,招生名額,機械工程系博士班,博士班,6,工業領域
115,招生名額,營建工程系碩士班,日間碩士班,23,工業領域
115,招生名額,模具工程系應用工程科學碩士在職專班,碩士在職專班,6,工業領域
115,招生名額,機械工程系,四技日間部-技高生,42,工業領域
115,招生名額,機械工程系智能系統與控制組,四技日間部-技高生,41,工業領域
115,招生名額,機械工程系微奈米技術組,四技日間部-技高生,41,工業領域
115,招生名額,機械工程系,四技日間部-普高生,2,工業領域
115,招生名額,機械工程系智能系統與控制組,四技日間部-普高生,5,工業領域
115,招生名額,機械工程系微奈米技術組,四技日間部-普高生,5,工業領域
115,招生名額,機械工程系,四技進修部,43,工業領域
115,招生名額,機械工程系,二技進修部,24,工業領域
115,招生名額,模具工程系博士班,博士班,2,工業領域
115,招生名額,環境與安全衛生工程系碩士班,日間碩士班,44,工業領域
115,招生名額,營建工程系營建工程與管理碩士在職專班,碩士在職專班,23,工業領域
115,招生名額,環境與安全衛生工程系碩士在職專班,碩士在職專班,48,工業領域
115,招生名額,模具工程系,四技日間部-技高生,38,工業領域
115,招生名額,模具工程系光電模具組,四技日間部-技高生,37,工業領域
115,招生名額,模具工程系精微模具組,四技日間部-技高生,36,工業領域
115,招生名額,模具工程系,四技日間部-普高生,6,工業領域
115,招生名額,模具工程系光電模具組,四技日間部-普高生,6,工業領域
115,招生名額,模具工程系精微模具組,四技日間部-普高生,6,工業領域
115,招生名額,模具工程系,四技進修部,29,工業領域
115,招生名額,模具工程系,二技日間部,20,工業領域
115,招生名額,模具工程科,五專部,30,工業領域
115,招生名額,工業工程與管理系博士班,博士班,2,其他
115,招生名額,機電工程系碩士班,日間碩士班,39,工業領域
115,招生名額,機電工程系碩士在職專班,碩士在職專班,25,工業領域
115,招生名額,工業工程與管理系,四技日間部-技高生,53,其他
115,招生名額,工業工程與管理系,四技日間部-普高生,1,其他
115,招生名額,電訊工程系,四技進修部,27,工業領域
115,招生名額,工業設計系碩士班,日間碩士班,11,工業領域
115,招生名額,電訊工程系碩士在職專班,碩士在職專班,15,工業領域
115,招生名額,營建工程系,四技日間部-技高生,106,工業領域
115,招生名額,營建工程系,四技日間部-普高生,3,工業領域
115,招生名額,環境與安全衛生工程系博士班,博士班,5,工業領域
115,招生名額,海洋環境工程系碩士班,日間碩士班,14,工業領域
115,招生名額,電機工程系智慧自動化系統碩士在職專班,碩士在職專班,10,工業領域
115,招生名額,環境與安全衛生工程系,四技日間部-技高生,80,工業領域
115,招生名額,環境與安全衛生工程系,四技日間部-普高生,50,工業領域
115,招生名額,機電工程系博士班,博士班,4,工業領域
115,招生名額,電訊工程系碩士班,日間碩士班,14,工業領域
115,招生名額,電機工程系碩士在職專班,碩士在職專班,33,工業領域
115,招生名額,機電工程系智慧自動化組,四技日間部-技高生,49,工業領域
115,招生名額,機電工程系精密機械組,四技日間部-技高生,49,工業領域
115,招生名額,機電工程系智慧自動化組,四技日間部-普高生,3,工業領域
115,招生名額,機電工程系精密機械組,四技日間部-普高生,3,工業領域
115,招生名額,海事風電工程碩士學位學程,日間碩士班,5,工業領域
115,招生名額,工業設計系,四技日間部-技高生,31,工業領域
115,招生名額,工業設計系,四技日間部-普高生,2,工業領域
115,招生名額,水圈學院水產科技產業博士班,博士班,3,農林漁牧領域
115,招生名額,電機工程系智慧自動化系統碩士班,日間碩士班,19,工業領域
115,招生名額,電機工程系碩士班,日間碩士班,62,工業領域
115,招生名額,電子工程系碩士在職專班(建工校區),碩士在職專班,24,工業領域
115,招生名額,漁業科技與管理系,四技日間部-技高生,40,農林漁牧領域
115,招生名額,漁業科技與管理系,四技日間部-普高生,14,農林漁牧領域
115,招生名額,漁業科技與管理科,五專部,24,農林漁牧領域
115,招生名額,水產食品科學系博士班,博士班,2,農林漁牧領域
115,招生名額,電子工程系碩士班(建工校區),日間碩士班,63,工業領域
115,招生名額,資訊工程系碩士在職專班,碩士在職專班,19,工業領域
115,招生名額,水產食品科學系,四技日間部-技高生,94,農林漁牧領域
115,招生名額,水產食品科學系,四技日間部-普高生,10,農林漁牧領域
115,招生名額,資訊工程系碩士班,日間碩士班,18,工業領域
115,招生名額,水產養殖系,四技日間部-技高生,85,農林漁牧領域
115,招生名額,水產養殖系,四技日間部-普高生,17,農林漁牧領域
115,招生名額,光電工程研究所,日間碩士班,35,工業領域
115,招生名額,海洋生物技術系,四技日間部-技高生,47,農林漁牧領域
115,招生名額,海洋生物技術系,四技日間部-普高生,4,農林漁牧領域
115,招生名額,電子工程系碩士班(第一校區),日間碩士班,30,工業領域
115,招生名額,海洋環境工程系,四技日間部-技高生,50,工業領域
115,招生名額,海洋環境工程系,四技日間部-普高生,11,工業領域
115,招生名額,電腦與通訊工程系碩士班,日間碩士班,40,工業領域
115,招生名額,半導體工程系碩士班,日間碩士班,18,工業領域
115,招生名額,應用英語系,四技日間部-技高生,101,其他
115,招生名額,應用英語系,二技日間部,26,其他
115,招生名額,人力資源發展系碩士班,日間碩士班,20,其他
115,招生名額,電子工程系碩士在職專班(第一校區),碩士在職專班,15,工業領域
115,招生名額,應用日語系,四技日間部-技高生,76,其他
115,招生名額,應用日語系,二技日間部,30,其他
115,招生名額,文化創意產業系碩士班,日間碩士班,16,其他
115,招生名額,應用德語系,四技日間部-技高生,36,其他
115,招生名額,應用德語系,四技日間部-普高生,16,其他
115,招生名額,海事學院海事科技產學合作博士班,博士班,5,農林漁牧領域
115,招生名額,工業工程與管理系碩士班,日間碩士班,24,其他
115,招生名額,電腦與通訊工程系碩士在職專班,碩士在職專班,12,工業領域
115,招生名額,造船及海洋工程系,四技日間部-技高生,100,農林漁牧領域
115,招生名額,造船及海洋工程系,四技日間部-普高生,7,農林漁牧領域
115,招生名額,應用英語系口筆譯碩士班,日間碩士班,14,其他
115,招生名額,半導體工程系碩士在職專班,碩士在職專班,17,工業領域
115,招生名額,電訊工程系,四技日間部-技高生,41,工業領域
115,招生名額,電訊工程系,四技日間部-普高生,2,工業領域
115,招生名額,電機工程系,四技進修部,60,工業領域
115,招生名額,應用英語系應用語言學與英語教學碩士班,日間碩士班,23,其他
115,招生名額,人力資源發展系碩士在職專班,碩士在職專班,29,其他
115,招生名額,航運技術系,四技日間部-技高生,36,農林漁牧領域
115,招生名額,航運技術系,四技日間部-普高生,19,農林漁牧領域
115,招生名額,電子工程系(建工校區),四技進修部,63,工業領域
115,招生名額,航運技術系,二技日間部,50,農林漁牧領域
115,招生名額,航海科,五專部,53,農林漁牧領域
115,招生名額,應用日語系碩士班,日間碩士班,19,其他
115,招生名額,文化創意產業系碩士在職專班,碩士在職專班,19,其他
115,招生名額,輪機工程系,四技日間部-技高生,74,農林漁牧領域
115,招生名額,輪機工程系,四技日間部-普高生,21,農林漁牧領域
115,招生名額,半導體工程系,四技進修部,40,工業領域
115,招生名額,輪機工程系,二技日間部,48,農林漁牧領域
115,招生名額,輪機工程科,五專部,53,農林漁牧領域
115,招生名額,應用德語系碩士班,日間碩士班,6,其他
115,招生名額,工業工程與管理系碩士在職專班,碩士在職專班,28,其他
115,招生名額,海事資訊科技系,四技日間部-技高生,41,農林漁牧領域
115,招生名額,海事資訊科技系,四技日間部-普高生,4,農林漁牧領域
115,招生名額,航運管理系碩士班,日間碩士班,16,其他
115,招生名額,航運管理系博士班,博士班,3,其他
115,招生名額,商務資訊應用系碩士班,日間碩士班,6,其他
115,招生名額,應用日語系碩士在職專班,碩士在職專班,10,其他
115,招生名額,航運管理系,四技日間部-技高生,84,其他
115,招生名額,航運管理系,四技日間部-普高生,2,其他
115,招生名額,工業工程與管理系,四技進修部,21,其他
115,招生名額,供應鏈管理系碩士班,日間碩士班,12,其他
115,招生名額,商務資訊應用系,四技日間部-技高生,88,其他
115,招生名額,商務資訊應用系,四技日間部-普高生,1,其他
115,招生名額,金融系碩士班,日間碩士班,40,其他
115,招生名額,航運管理系碩士在職專班,碩士在職專班,20,其他
115,招生名額,供應鏈管理系,四技日間部-技高生,50,其他
115,招生名額,供應鏈管理系,四技日間部-普高生,1,其他
115,招生名額,財務管理系碩士班,日間碩士班,31,其他
115,招生名額,海洋休閒管理系,四技日間部-技高生,41,觀光休閒餐旅領域
115,招生名額,海洋休閒管理系,四技日間部-普高生,4,觀光休閒餐旅領域
115,招生名額,航運管理系,四技進修部,17,其他
115,招生名額,會計資訊系碩士班,日間碩士班,30,其他
115,招生名額,供應鏈管理系碩士在職專班,碩士在職專班,6,其他
115,招生名額,金融系金融高階主管經營管理碩士在職專班,碩士在職專班,8,其他
115,招生名額,金融系,四技日間部-技高生,92,其他
115,招生名額,金融系,四技日間部-普高生,2,其他
115,招生名額,金融系,四技進修部,11,其他
115,招生名額,金融資訊系碩士班,日間碩士班,26,其他
115,招生名額,金融系碩士在職專班,碩士在職專班,33,其他
115,招生名額,財務管理系,四技日間部-技高生,39,其他
115,招生名額,財務管理系,四技日間部-普高生,1,其他
115,招生名額,財政稅務系碩士班,日間碩士班,20,其他
115,招生名額,財務管理系碩士在職專班,碩士在職專班,23,其他
115,招生名額,會計資訊系,四技日間部-技高生,90,其他
115,招生名額,會計資訊系,四技日間部-普高生,2,其他
115,招生名額,會計資訊系,四技進修部,21,其他
115,招生名額,會計資訊系,二技進修部,24,其他
115,招生名額,智慧商務系碩士班,日間碩士班,35,其他
115,招生名額,會計資訊系碩士在職專班,碩士在職專班,19,其他
115,招生名額,金融資訊系,四技日間部-技高生,42,其他
115,招生名額,金融資訊系,四技日間部-普高生,1,其他
115,招生名額,金融資訊系,四技進修部,46,其他
115,招生名額,資訊管理系電子商務碩士班,日間碩士班,25,其他
115,招生名額,金融資訊系碩士在職專班,碩士在職專班,36,其他
115,招生名額,財政稅務系,四技日間部-技高生,50,其他
115,招生名額,財政稅務系,四技日間部-普高生,1,其他
115,招生名額,財政稅務系,四技進修部,10,其他
115,招生名額,資訊管理系碩士班,日間碩士班,30,其他
115,招生名額,財政稅務系碩士在職專班,碩士在職專班,43,其他
115,招生名額,觀光管理系,四技日間部-技高生,31,觀光休閒餐旅領域
115,招生名額,觀光管理系,四技日間部-普高生,2,觀光休閒餐旅領域
115,招生名額,國際企業系,四技進修部,22,其他
115,招生名額,觀光管理系,二技進修部,14,觀光休閒餐旅領域
115,招生名額,運籌管理系商務經營管理碩士班,日間碩士班,10,其他
115,招生名額,智慧商務系碩士在職專班,碩士在職專班,40,其他
115,招生名額,智慧商務系,四技日間部-技高生,78,其他
115,招生名額,智慧商務系,四技日間部-普高生,2,其他
115,招生名額,電機工程系博士班,博士班,7,工業領域
115,招生名額,運籌管理系碩士班,日間碩士班,19,其他
115,招生名額,科技法律研究所,日間碩士班,22,其他
115,招生名額,管理學院高階主管經營管理碩士在職專班,碩士在職專班,26,其他
115,招生名額,資訊管理系碩士在職專班,碩士在職專班,25,其他
115,招生名額,電機工程系,四技日間部-技高生,140,工業領域
115,招生名額,電機工程系,四技日間部-普高生,4,工業領域
115,招生名額,企業管理系,四技進修部,48,其他
115,招生名額,電機工程系,二技進修部,52,工業領域
115,招生名額,電子工程系博士班(建工校區),博士班,15,工業領域
115,招生名額,行銷與流通管理系碩士班,日間碩士班,44,其他
115,招生名額,運籌管理系商務經營管理碩士在職專班,碩士在職專班,10,其他
115,招生名額,電子工程系資訊與數位IC設計組(建工校區),四技日間部-技高生,41,工業領域
115,招生名額,電子工程系電子組(建工校區),四技日間部-技高生,42,工業領域
115,招生名額,電子工程系電信與系統組(建工校區),四技日間部-技高生,41,工業領域
115,招生名額,電子工程系資訊與數位IC設計組(建工校區),四技日間部-普高生,9,工業領域
115,招生名額,電子工程系電子組(建工校區),四技日間部-普高生,5,工業領域
115,招生名額,電子工程系電信與系統組(建工校區),四技日間部-普高生,12,工業領域
115,招生名額,航運技術系,四技進修部,31,農林漁牧領域
115,招生名額,資訊工程系博士班,博士班,1,工業領域
115,招生名額,國際企業系碩士班,日間碩士班,18,其他
115,招生名額,運籌管理系碩士在職專班,碩士在職專班,14,其他
115,招生名額,資訊工程系,四技日間部-技高生,47,工業領域
115,招生名額,資訊工程系,四技日間部-普高生,5,工業領域
115,招生名額,企業管理系碩士班,日間碩士班,19,其他
115,招生名額,風險管理與保險系碩士班,日間碩士班,17,其他
115,招生名額,科技法律研究所,碩士在職專班,29,其他
115,招生名額,電子工程系(第一校區),四技日間部-技高生,53,工業領域
115,招生名額,電子工程系(第一校區),四技日間部-普高生,7,工業領域
115,招生名額,國際管理碩士學位學程,日間碩士班,7,其他
115,招生名額,行銷與流通管理系碩士在職專班,碩士在職專班,29,其他
115,招生名額,電腦與通訊工程系,四技日間部-技高生,93,工業領域
115,招生名額,電腦與通訊工程系,四技日間部-普高生,8,工業領域
115,招生名額,漁業科技與管理系海洋事務與產業管理碩士班,日間碩士班,13,農林漁牧領域
115,招生名額,國際企業系碩士在職專班,碩士在職專班,25,其他
115,招生名額,半導體工程系,四技日間部-技高生,51,工業領域
115,招生名額,半導體工程系,四技日間部-普高生,2,工業領域
115,招生名額,輪機工程系,四技進修部,54,農林漁牧領域
115,招生名額,企業管理系高階經營管理碩士在職專班,碩士在職專班,20,其他
115,招生名額,資訊管理系博士班,博士班,3,其他
115,招生名額,漁業科技與管理系碩士班,日間碩士班,9,農林漁牧領域
115,招生名額,水產食品科學系碩士班,日間碩士班,20,農林漁牧領域
115,招生名額,企業管理系碩士在職專班,碩士在職專班,30,其他
115,招生名額,資訊管理系,四技日間部-技高生,83,其他
115,招生名額,資訊管理系,四技日間部-普高生,1,其他
115,招生名額,水產養殖系碩士班,日間碩士班,14,農林漁牧領域
115,招生名額,海洋生物技術系碩士班,日間碩士班,6,農林漁牧領域
115,招生名額,風險管理與保險系碩士在職專班,碩士在職專班,17,其他
115,招生名額,漁業科技與管理系碩士在職專班,碩士在職專班,10,農林漁牧領域
115,招生名額,運籌管理系,四技日間部-技高生,82,其他
115,招生名額,運籌管理系,四技日間部-普高生,2,其他
115,招生名額,造船及海洋工程系碩士班,日間碩士班,12,農林漁牧領域
115,招生名額,水產食品科學系碩士在職專班,碩士在職專班,13,農林漁牧領域
115,招生名額,航運技術系碩士班,日間碩士班,6,農林漁牧領域
115,招生名額,造船及海洋工程系碩士在職專班,碩士在職專班,10,農林漁牧領域
115,招生名額,行銷與流通管理系,四技日間部-技高生,96,其他
115,招生名額,國際企業系博士班,博士班,4,其他
115,招生名額,輪機工程系碩士班,日間碩士班,11,農林漁牧領域
115,招生名額,航運技術系碩士在職專班,碩士在職專班,10,農林漁牧領域
115,招生名額,國際企業系,四技日間部-技高生,44,其他
115,招生名額,國際企業系,四技日間部-普高生,1,其他
115,招生名額,海洋休閒管理系,四技進修部,21,觀光休閒餐旅領域
115,招生名額,國際企業系,二技進修部,36,其他
115,招生名額,海事資訊科技系碩士班,日間碩士班,9,農林漁牧領域
115,招生名額,輪機工程系碩士在職專班,碩士在職專班,18,農林漁牧領域
115,招生名額,海事資訊科技系碩士在職專班,碩士在職專班,9,農林漁牧領域
115,招生名額,企業管理系,四技日間部-技高生,44,其他
115,招生名額,企業管理系,四技日間部-普高生,1,其他
115,招生名額,觀光管理系,四技進修部,27,觀光休閒餐旅領域
115,招生名額,海洋休閒管理系碩士班,日間碩士班,9,觀光休閒餐旅領域
115,招生名額,觀光管理系觀光與餐旅管理碩士在職專班,碩士在職專班,28,觀光休閒餐旅領域
115,招生名額,風險管理與保險系,四技日間部-技高生,51,其他
115,招生名額,風險管理與保險系,四技日間部-普高生,2,其他
115,招生名額,觀光管理系觀光與餐旅管理碩士班,日間碩士班,10,觀光休閒餐旅領域
115,招生名額,商業智慧學院博士班,博士班,6,其他
115,招生名額,高瞻科技不分系學士學位學程,四技日間部-技高生,22,工業領域
115,招生名額,高瞻科技不分系學士學位學程,四技日間部-普高生,20,工業領域
115,招生名額,管理學院博士班,博士班,14,其他
115,招生名額,能源與冷凍空調工程系,四技日間部-技高生,47,工業領域
115,招生名額,能源與冷凍空調工程系,四技日間部-普高生,6,工業領域
115,招生名額,跨域互動設計學士學位學程,四技日間部-技高生,22,其他
115,招生名額,車輛工程系,四技日間部-技高生,35,工業領域
115,招生名額,車輛工程系,四技日間部-普高生,5,工業領域
114,招生名額,航海科,五專部,53,農林漁牧領域
114,招生名額,漁業科技與管理科,五專部,24,農林漁牧領域
114,招生名額,模具工程科,五專部,30,工業領域
114,招生名額,輪機工程科,五專部,53,農林漁牧領域
114,招生名額,土木工程系,二技進修部,60,工業領域
114,招生名額,工業工程與管理系,二技進修部,28,其他
114,招生名額,土木工程系碩士班,日間碩士班,38,工業領域
114,招生名額,工業工程與管理系碩士班,日間碩士班,24,其他
114,招生名額,化學工程與材料工程系碩士班,日間碩士班,47,工業領域
114,招生名額,營建工程系碩士班,日間碩士班,23,工業領域
114,招生名額,環境與安全衛生工程系碩士班,日間碩士班,44,工業領域
114,招生名額,土木工程系,四技日間部-普高生,28,工業領域
114,招生名額,工業工程與管理系,四技日間部-普高生,1,其他
114,招生名額,化學工程與材料工程系,四技日間部-普高生,27,工業領域
114,招生名額,高瞻科技不分系學士學位學程,四技日間部-普高生,20,工業領域
114,招生名額,營建工程系,四技日間部-普高生,4,工業領域
114,招生名額,環境與安全衛生工程系,四技日間部-普高生,47,工業領域
114,招生名額,土木工程系,四技日間部-技高生,109,工業領域
114,招生名額,工業工程與管理系,四技日間部-技高生,53,其他
114,招生名額,化學工程與材料工程系,四技日間部-技高生,92,工業領域
114,招生名額,高瞻科技不分系學士學位學程,四技日間部-技高生,21,工業領域
114,招生名額,營建工程系,四技日間部-技高生,107,工業領域
114,招生名額,環境與安全衛生工程系,四技日間部-技高生,80,工業領域
114,招生名額,工業工程與管理系,四技進修部,21,其他
114,招生名額,土木工程系土木工程科技博士班,博士班,5,工業領域
114,招生名額,工業工程與管理系博士班,博士班,4,其他
114,招生名額,化學工程與材料工程系博士班,博士班,2,工業領域
114,招生名額,環境與安全衛生工程系博士班,博士班,5,工業領域
114,招生名額,土木工程系土木工程與防災科技碩士在職專班,碩士在職專班,45,工業領域
114,招生名額,工業工程與管理系碩士在職專班,碩士在職專班,55,其他
114,招生名額,化學工程與材料工程系碩士在職專班,碩士在職專班,20,工業領域
114,招生名額,營建工程系營建工程與管理碩士在職專班,碩士在職專班,24,工業領域
114,招生名額,環境與安全衛生工程系碩士在職專班,碩士在職專班,48,工業領域
114,招生名額,水產食品科學系碩士班,日間碩士班,20,農林漁牧領域
114,招生名額,水產養殖系碩士班,日間碩士班,14,農林漁牧領域
114,招生名額,海洋生物技術系碩士班,日間碩士班,6,農林漁牧領域
114,招生名額,海洋環境工程系碩士班,日間碩士班,14,工業領域
114,招生名額,漁業科技與管理系海洋事務與產業管理碩士班,日間碩士班,13,農林漁牧領域
114,招生名額,漁業科技與管理系碩士班,日間碩士班,9,農林漁牧領域
114,招生名額,水產食品科學系,四技日間部-普高生,9,農林漁牧領域
114,招生名額,水產養殖系,四技日間部-普高生,17,農林漁牧領域
114,招生名額,海洋生物技術系,四技日間部-普高生,4,農林漁牧領域
114,招生名額,海洋環境工程系,四技日間部-普高生,8,工業領域
114,招生名額,漁業科技與管理系,四技日間部-普高生,16,農林漁牧領域
114,招生名額,水產食品科學系,四技日間部-技高生,94,農林漁牧領域
114,招生名額,水產養殖系,四技日間部-技高生,85,農林漁牧領域
114,招生名額,海洋生物技術系,四技日間部-技高生,47,農林漁牧領域
114,招生名額,海洋環境工程系,四技日間部-技高生,51,工業領域
114,招生名額,漁業科技與管理系,四技日間部-技高生,40,農林漁牧領域
114,招生名額,水圈學院水產科技產業博士班,博士班,3,農林漁牧領域
114,招生名額,水產食品科學系博士班,博士班,2,農林漁牧領域
114,招生名額,水產食品科學系碩士在職專班,碩士在職專班,14,農林漁牧領域
114,招生名額,漁業科技與管理系碩士在職專班,碩士在職專班,10,農林漁牧領域
114,招生名額,應用日語系,二技日間部,34,其他
114,招生名額,應用英語系,二技日間部,34,其他
114,招生名額,應用日語系碩士班,日間碩士班,18,其他
114,招生名額,應用英語系口筆譯碩士班,日間碩士班,17,其他
114,招生名額,應用英語系應用語言學與英語教學碩士班,日間碩士班,22,其他
114,招生名額,應用德語系碩士班,日間碩士班,6,其他
114,招生名額,應用德語系,四技日間部-普高生,16,其他
114,招生名額,應用日語系,四技日間部-技高生,77,其他
114,招生名額,應用英語系,四技日間部-技高生,102,其他
114,招生名額,應用德語系,四技日間部-技高生,38,其他
114,招生名額,應用日語系碩士在職專班,碩士在職專班,10,其他
114,招生名額,航運技術系,二技日間部,52,農林漁牧領域
114,招生名額,輪機工程系,二技日間部,46,農林漁牧領域
114,招生名額,海事風電工程碩士學位學程,日間碩士班,5,工業領域
114,招生名額,海事資訊科技系碩士班,日間碩士班,9,農林漁牧領域
114,招生名額,航運技術系碩士班,日間碩士班,6,農林漁牧領域
114,招生名額,造船及海洋工程系碩士班,日間碩士班,12,農林漁牧領域
114,招生名額,電訊工程系碩士班,日間碩士班,14,工業領域
114,招生名額,輪機工程系碩士班,日間碩士班,11,農林漁牧領域
114,招生名額,海事資訊科技系,四技日間部-普高生,6,農林漁牧領域
114,招生名額,航運技術系,四技日間部-普高生,18,農林漁牧領域
114,招生名額,造船及海洋工程系,四技日間部-普高生,6,農林漁牧領域
114,招生名額,電訊工程系,四技日間部-普高生,2,工業領域
114,招生名額,輪機工程系,四技日間部-普高生,20,農林漁牧領域
114,招生名額,海事資訊科技系,四技日間部-技高生,41,農林漁牧領域
114,招生名額,航運技術系,四技日間部-技高生,36,農林漁牧領域
114,招生名額,造船及海洋工程系,四技日間部-技高生,100,農林漁牧領域
114,招生名額,電訊工程系,四技日間部-技高生,40,工業領域
114,招生名額,輪機工程系,四技日間部-技高生,74,農林漁牧領域
114,招生名額,造船及海洋工程系,四技進修部,31,農林漁牧領域
114,招生名額,電訊工程系,四技進修部,33,工業領域
114,招生名額,輪機工程系,四技進修部,55,農林漁牧領域
114,招生名額,海事學院海事科技產學合作博士班,博士班,5,農林漁牧領域
114,招生名額,海事資訊科技系碩士在職專班,碩士在職專班,9,農林漁牧領域
114,招生名額,航運技術系碩士在職專班,碩士在職專班,10,農林漁牧領域
114,招生名額,造船及海洋工程系碩士在職專班,碩士在職專班,11,農林漁牧領域
114,招生名額,電訊工程系碩士在職專班,碩士在職專班,15,工業領域
114,招生名額,輪機工程系碩士在職專班,碩士在職專班,16,農林漁牧領域
114,招生名額,供應鏈管理系碩士班,日間碩士班,15,其他
114,招生名額,海洋休閒管理系碩士班,日間碩士班,8,觀光休閒餐旅領域
114,招生名額,航運管理系碩士班,日間碩士班,16,其他
114,招生名額,商務資訊應用系碩士班,日間碩士班,6,其他
114,招生名額,供應鏈管理系,四技日間部-普高生,1,其他
114,招生名額,海洋休閒管理系,四技日間部-普高生,3,觀光休閒餐旅領域
114,招生名額,航運管理系,四技日間部-普高生,3,其他
114,招生名額,商務資訊應用系,四技日間部-普高生,1,其他
114,招生名額,供應鏈管理系,四技日間部-技高生,52,其他
114,招生名額,海洋休閒管理系,四技日間部-技高生,41,觀光休閒餐旅領域
114,招生名額,航運管理系,四技日間部-技高生,86,其他
114,招生名額,商務資訊應用系,四技日間部-技高生,89,其他
114,招生名額,供應鏈管理系,四技進修部,10,其他
114,招生名額,海洋休閒管理系,四技進修部,27,觀光休閒餐旅領域
114,招生名額,航運管理系,四技進修部,27,其他
114,招生名額,航運管理系博士班,博士班,3,其他
114,招生名額,供應鏈管理系碩士在職專班,碩士在職專班,6,其他
114,招生名額,航運管理系碩士在職專班,碩士在職專班,19,其他
114,招生名額,財政稅務系,二技進修部,22,其他
114,招生名額,會計資訊系,二技進修部,29,其他
114,招生名額,觀光管理系,二技進修部,14,觀光休閒餐旅領域
114,招生名額,金融資訊系碩士班,日間碩士班,21,其他
114,招生名額,財政稅務系碩士班,日間碩士班,16,其他
114,招生名額,智慧商務系碩士班,日間碩士班,30,其他
114,招生名額,會計資訊系碩士班,日間碩士班,33,其他
114,招生名額,觀光管理系觀光與餐旅管理碩士班,日間碩士班,11,觀光休閒餐旅領域
114,招生名額,金融資訊系,四技日間部-普高生,1,其他
114,招生名額,財政稅務系,四技日間部-普高生,1,其他
114,招生名額,智慧商務系,四技日間部-普高生,3,其他
114,招生名額,會計資訊系,四技日間部-普高生,1,其他
114,招生名額,觀光管理系,四技日間部-普高生,3,觀光休閒餐旅領域
114,招生名額,金融資訊系,四技日間部-技高生,44,其他
114,招生名額,財政稅務系,四技日間部-技高生,51,其他
114,招生名額,智慧商務系,四技日間部-技高生,78,其他
114,招生名額,會計資訊系,四技日間部-技高生,90,其他
114,招生名額,觀光管理系,四技日間部-技高生,31,觀光休閒餐旅領域
114,招生名額,金融資訊系,四技進修部,52,其他
114,招生名額,財政稅務系,四技進修部,23,其他
114,招生名額,會計資訊系,四技進修部,37,其他
114,招生名額,觀光管理系,四技進修部,30,觀光休閒餐旅領域
114,招生名額,商業智慧學院博士班,博士班,6,其他
114,招生名額,金融資訊系碩士在職專班,碩士在職專班,35,其他
114,招生名額,財政稅務系碩士在職專班,碩士在職專班,45,其他
114,招生名額,智慧商務系碩士在職專班,碩士在職專班,38,其他
114,招生名額,會計資訊系碩士在職專班,碩士在職專班,23,其他
114,招生名額,觀光管理系觀光與餐旅管理碩士在職專班,碩士在職專班,28,觀光休閒餐旅領域
114,招生名額,工業設計系碩士班,日間碩士班,11,工業領域
114,招生名額,文化創意產業系碩士班,日間碩士班,17,其他
114,招生名額,工業設計系,四技日間部-普高生,3,工業領域
114,招生名額,文化創意產業系,四技日間部-普高生,1,其他
114,招生名額,工業設計系,四技日間部-技高生,31,工業領域
114,招生名額,文化創意產業系,四技日間部-技高生,47,其他
114,招生名額,文化創意產業系碩士在職專班,碩士在職專班,17,其他
114,招生名額,模具工程系,二技日間部,20,工業領域
114,招生名額,機械工程系,二技進修部,24,工業領域
114,招生名額,模具工程系碩士班,日間碩士班,70,工業領域
114,招生名額,機械工程系碩士班,日間碩士班,73,工業領域
114,招生名額,機電工程系碩士班,日間碩士班,39,工業領域
114,招生名額,能源與冷凍空調工程系,四技日間部-普高生,10,工業領域
114,招生名額,模具工程系,四技日間部-普高生,6,工業領域
114,招生名額,模具工程系光電模具組,四技日間部-普高生,6,工業領域
114,招生名額,模具工程系精微模具組,四技日間部-普高生,6,工業領域
114,招生名額,機械工程系,四技日間部-普高生,1,工業領域
114,招生名額,機械工程系智能系統與控制組,四技日間部-普高生,3,工業領域
114,招生名額,機械工程系微奈米技術組,四技日間部-普高生,3,工業領域
114,招生名額,機電工程系智慧自動化組,四技日間部-普高生,4,工業領域
114,招生名額,機電工程系精密機械組,四技日間部-普高生,4,工業領域
114,招生名額,車輛工程系,四技日間部-技高生,35,工業領域
114,招生名額,能源與冷凍空調工程系,四技日間部-技高生,47,工業領域
114,招生名額,模具工程系,四技日間部-技高生,38,工業領域
114,招生名額,模具工程系光電模具組,四技日間部-技高生,37,工業領域
114,招生名額,模具工程系精微模具組,四技日間部-技高生,36,工業領域
114,招生名額,機械工程系,四技日間部-技高生,42,工業領域
114,招生名額,機械工程系智能系統與控制組,四技日間部-技高生,41,工業領域
114,招生名額,機械工程系微奈米技術組,四技日間部-技高生,41,工業領域
114,招生名額,機電工程系智慧自動化組,四技日間部-技高生,50,工業領域
114,招生名額,機電工程系精密機械組,四技日間部-技高生,49,工業領域
114,招生名額,模具工程系,四技進修部,34,工業領域
114,招生名額,機械工程系,四技進修部,41,工業領域
114,招生名額,模具工程系博士班,博士班,2,工業領域
114,招生名額,機械工程系博士班,博士班,6,工業領域
114,招生名額,機電工程系博士班,博士班,4,工業領域
114,招生名額,模具工程系碩士在職專班,碩士在職專班,20,工業領域
114,招生名額,模具工程系應用工程科學碩士在職專班,碩士在職專班,6,工業領域
114,招生名額,機械工程系碩士在職專班,碩士在職專班,36,工業領域
114,招生名額,機電工程系碩士在職專班,碩士在職專班,17,工業領域
114,招生名額,電機工程系,二技進修部,52,工業領域
114,招生名額,半導體工程系碩士班,日間碩士班,18,工業領域
114,招生名額,光電工程研究所,日間碩士班,35,工業領域
114,招生名額,資訊工程系碩士班,日間碩士班,18,工業領域
114,招生名額,電子工程系碩士班(建工校區),日間碩士班,63,工業領域
114,招生名額,電子工程系碩士班(第一校區),日間碩士班,30,工業領域
114,招生名額,電腦與通訊工程系碩士班,日間碩士班,40,工業領域
114,招生名額,電機工程系智慧自動化系統碩士班,日間碩士班,19,工業領域
114,招生名額,電機工程系碩士班,日間碩士班,62,工業領域
114,招生名額,半導體工程系,四技日間部-普高生,2,工業領域
114,招生名額,資訊工程系,四技日間部-普高生,2,工業領域
114,招生名額,電子工程系(第一校區),四技日間部-普高生,8,工業領域
114,招生名額,電子工程系資訊與數位IC設計組(建工校區),四技日間部-普高生,8,工業領域
114,招生名額,電子工程系電子組(建工校區),四技日間部-普高生,5,工業領域
114,招生名額,電子工程系電信與系統組(建工校區),四技日間部-普高生,8,工業領域
114,招生名額,電腦與通訊工程系,四技日間部-普高生,12,工業領域
114,招生名額,電機工程系,四技日間部-普高生,6,工業領域
114,招生名額,半導體工程系,四技日間部-技高生,50,工業領域
114,招生名額,資訊工程系,四技日間部-技高生,48,工業領域
114,招生名額,電子工程系(第一校區),四技日間部-技高生,53,工業領域
114,招生名額,電子工程系資訊與數位IC設計組(建工校區),四技日間部-技高生,41,工業領域
114,招生名額,電子工程系電子組(建工校區),四技日間部-技高生,41,工業領域
114,招生名額,電子工程系電信與系統組(建工校區),四技日間部-技高生,41,工業領域
114,招生名額,電腦與通訊工程系,四技日間部-技高生,92,工業領域
114,招生名額,電機工程系,四技日間部-技高生,140,工業領域
114,招生名額,半導體工程系,四技進修部,46,工業領域
114,招生名額,電子工程系(建工校區),四技進修部,67,工業領域
114,招生名額,電機工程系,四技進修部,59,工業領域
114,招生名額,資訊工程系博士班,博士班,1,工業領域
114,招生名額,電子工程系博士班(建工校區),博士班,15,工業領域
114,招生名額,電機工程系博士班,博士班,7,工業領域
114,招生名額,半導體工程系碩士在職專班,碩士在職專班,17,工業領域
114,招生名額,資訊工程系碩士在職專班,碩士在職專班,18,工業領域
114,招生名額,電子工程系碩士在職專班(建工校區),碩士在職專班,27,工業領域
114,招生名額,電子工程系碩士在職專班(第一校區),碩士在職專班,16,工業領域
114,招生名額,電腦與通訊工程系碩士在職專班,碩士在職專班,12,工業領域
114,招生名額,電機工程系智慧自動化系統碩士在職專班,碩士在職專班,10,工業領域
114,招生名額,電機工程系碩士在職專班,碩士在職專班,33,工業領域
114,招生名額,國際企業系,二技進修部,41,其他
114,招生名額,人力資源發展系碩士班,日間碩士班,20,其他
114,招生名額,企業管理系碩士班,日間碩士班,19,其他
114,招生名額,行銷與流通管理系碩士班,日間碩士班,44,其他
114,招生名額,金融系碩士班,日間碩士班,40,其他
114,招生名額,科技法律研究所,日間碩士班,22,其他
114,招生名額,風險管理與保險系碩士班,日間碩士班,17,其他
114,招生名額,財務管理系碩士班,日間碩士班,31,其他
114,招生名額,國際企業系碩士班,日間碩士班,18,其他
114,招生名額,國際管理碩士學位學程,日間碩士班,9,其他
114,招生名額,資訊管理系電子商務碩士班,日間碩士班,25,其他
114,招生名額,資訊管理系碩士班,日間碩士班,30,其他
114,招生名額,運籌管理系商務經營管理碩士班,日間碩士班,12,其他
114,招生名額,運籌管理系碩士班,日間碩士班,18,其他
114,招生名額,人力資源發展系,四技日間部-普高生,1,其他
114,招生名額,企業管理系,四技日間部-普高生,1,其他
114,招生名額,金融系,四技日間部-普高生,1,其他
114,招生名額,風險管理與保險系,四技日間部-普高生,1,其他
114,招生名額,財務管理系,四技日間部-普高生,1,其他
114,招生名額,國際企業系,四技日間部-普高生,1,其他
114,招生名額,資訊管理系,四技日間部-普高生,1,其他
114,招生名額,運籌管理系,四技日間部-普高生,3,其他
114,招生名額,人力資源發展系,四技日間部-技高生,50,其他
114,招生名額,企業管理系,四技日間部-技高生,45,其他
114,招生名額,行銷與流通管理系,四技日間部-技高生,96,其他
114,招生名額,金融系,四技日間部-技高生,93,其他
114,招生名額,風險管理與保險系,四技日間部-技高生,52,其他
114,招生名額,財務管理系,四技日間部-技高生,40,其他
114,招生名額,國際企業系,四技日間部-技高生,45,其他
114,招生名額,資訊管理系,四技日間部-技高生,85,其他
114,招生名額,運籌管理系,四技日間部-技高生,84,其他
114,招生名額,企業管理系,四技進修部,53,其他
114,招生名額,金融系,四技進修部,15,其他
114,招生名額,國際企業系,四技進修部,40,其他
114,招生名額,國際企業系博士班,博士班,4,其他
114,招生名額,資訊管理系博士班,博士班,3,其他
114,招生名額,管理學院博士班,博士班,14,其他
114,招生名額,人力資源發展系碩士在職專班,碩士在職專班,32,其他
114,招生名額,企業管理系高階經營管理碩士在職專班,碩士在職專班,20,其他
114,招生名額,企業管理系碩士在職專班,碩士在職專班,30,其他
114,招生名額,行銷與流通管理系碩士在職專班,碩士在職專班,29,其他
114,招生名額,金融系金融高階主管經營管理碩士在職專班,碩士在職專班,20,其他
114,招生名額,金融系碩士在職專班,碩士在職專班,23,其他
114,招生名額,科技法律研究所,碩士在職專班,30,其他
114,招生名額,風險管理與保險系碩士在職專班,碩士在職專班,16,其他
114,招生名額,財務管理系碩士在職專班,碩士在職專班,23,其他
114,招生名額,國際企業系碩士在職專班,碩士在職專班,26,其他
114,招生名額,資訊管理系碩士在職專班,碩士在職專班,20,其他
114,招生名額,運籌管理系商務經營管理碩士在職專班,碩士在職專班,12,其他
114,招生名額,運籌管理系碩士在職專班,碩士在職專班,12,其他
114,招生名額,管理學院高階主管經營管理碩士在職專班,碩士在職專班,28,其他
113,招生名額,航海科,五專部,53,農林漁牧領域
113,招生名額,漁業科技與管理科,五專部,24,農林漁牧領域
113,招生名額,模具工程科,五專部,30,工業領域
113,招生名額,輪機工程科,五專部,53,農林漁牧領域
113,招生名額,工業工程與管理系,二技日間部,10,其他
113,招生名額,土木工程系,二技進修部,60,工業領域
113,招生名額,工業工程與管理系,二技進修部,26,其他
113,招生名額,土木工程系碩士班,日間碩士班,38,工業領域
113,招生名額,工業工程與管理系碩士班,日間碩士班,23,其他
113,招生名額,化學工程與材料工程系碩士班,日間碩士班,47,工業領域
113,招生名額,營建工程系碩士班,日間碩士班,21,工業領域
113,招生名額,環境與安全衛生工程系碩士班,日間碩士班,44,工業領域
113,招生名額,土木工程系,四技日間部-技高生,109,工業領域
113,招生名額,土木工程系,四技日間部-普高生,31,工業領域
113,招生名額,工業設計系,四技日間部-技高生,31,工業領域
113,招生名額,工業設計系,四技日間部-普高生,5,工業領域
113,招生名額,化學工程與材料工程系,四技日間部-技高生,92,工業領域
113,招生名額,化學工程與材料工程系,四技日間部-普高生,29,工業領域
113,招生名額,半導體工程系,四技日間部-技高生,50,工業領域
113,招生名額,半導體工程系,四技日間部-普高生,3,工業領域
113,招生名額,車輛工程系,四技日間部-技高生,35,工業領域
113,招生名額,海洋環境工程系,四技日間部-技高生,51,工業領域
113,招生名額,海洋環境工程系,四技日間部-普高生,8,工業領域
113,招生名額,能源與冷凍空調工程系,四技日間部-技高生,47,工業領域
113,招生名額,工業工程與管理系,四技進修部,19,其他
113,招生名額,化學工程與材料工程系,四技進修部,40,工業領域
113,招生名額,土木工程系土木工程科技博士班,博士班,2,工業領域
113,招生名額,工業工程與管理系博士班,博士班,4,其他
113,招生名額,工學院工程科技博士班,博士班,5,工業領域
113,招生名額,化學工程與材料工程系博士班,博士班,2,工業領域
113,招生名額,環境與安全衛生工程系博士班,博士班,4,工業領域
113,招生名額,土木工程系土木工程與防災科技碩士在職專班,碩士在職專班,45,工業領域
113,招生名額,工業工程與管理系碩士在職專班,碩士在職專班,55,其他
113,招生名額,化學工程與材料工程系碩士在職專班,碩士在職專班,28,工業領域
113,招生名額,營建工程系營建工程與管理碩士在職專班,碩士在職專班,16,工業領域
113,招生名額,環境與安全衛生工程系碩士在職專班,碩士在職專班,48,工業領域
113,招生名額,水產食品科學系碩士班,日間碩士班,20,農林漁牧領域
113,招生名額,水產養殖系碩士班,日間碩士班,11,農林漁牧領域
113,招生名額,海洋生物技術系碩士班,日間碩士班,10,農林漁牧領域
113,招生名額,海洋環境工程系碩士班,日間碩士班,16,工業領域
113,招生名額,漁業科技與管理系海洋事務與產業管理碩士班,日間碩士班,13,農林漁牧領域
113,招生名額,漁業科技與管理系碩士班,日間碩士班,9,農林漁牧領域
113,招生名額,能源與冷凍空調工程系,四技日間部-普高生,10,工業領域
113,招生名額,高瞻科技不分系學士學位學程,四技日間部-技高生,21,工業領域
113,招生名額,高瞻科技不分系學士學位學程,四技日間部-普高生,20,工業領域
113,招生名額,資訊工程系,四技日間部-技高生,48,工業領域
113,招生名額,資訊工程系,四技日間部-普高生,3,工業領域
113,招生名額,電子工程系(第一校區),四技日間部-技高生,53,工業領域
113,招生名額,電子工程系(第一校區),四技日間部-普高生,12,工業領域
113,招生名額,電子工程系資訊組,四技日間部-技高生,41,工業領域
113,招生名額,電子工程系資訊組,四技日間部-普高生,8,工業領域
113,招生名額,電子工程系電子組,四技日間部-技高生,41,工業領域
113,招生名額,水產食品科學系,四技進修部,51,農林漁牧領域
113,招生名額,水產養殖系,四技進修部,49,農林漁牧領域
113,招生名額,海洋環境工程系,四技進修部,48,工業領域
113,招生名額,水圈學院水產科技產業博士班,博士班,3,農林漁牧領域
113,招生名額,水產食品科學系碩士在職專班,碩士在職專班,13,農林漁牧領域
113,招生名額,漁業科技與管理系碩士在職專班,碩士在職專班,10,農林漁牧領域
113,招生名額,應用日語系,二技日間部,34,其他
113,招生名額,應用英語系,二技日間部,34,其他
113,招生名額,應用英語系,二技進修部,54,其他
113,招生名額,應用日語系碩士班,日間碩士班,18,其他
113,招生名額,應用英語系口筆譯碩士班,日間碩士班,19,其他
113,招生名額,應用英語系應用語言學與英語教學碩士班,日間碩士班,22,其他
113,招生名額,應用德語系碩士班,日間碩士班,6,其他
113,招生名額,電子工程系電子組,四技日間部-普高生,4,工業領域
113,招生名額,電子工程系電信與系統組,四技日間部-技高生,41,工業領域
113,招生名額,電子工程系電信與系統組,四技日間部-普高生,5,工業領域
113,招生名額,電訊工程系,四技日間部-技高生,40,工業領域
113,招生名額,應用日語系碩士在職專班,碩士在職專班,12,其他
113,招生名額,航運技術系,二技日間部,48,農林漁牧領域
113,招生名額,輪機工程系,二技日間部,42,農林漁牧領域
113,招生名額,海事風電工程碩士學位學程,日間碩士班,8,工業領域
113,招生名額,海事資訊科技系碩士班,日間碩士班,9,農林漁牧領域
113,招生名額,航運技術系碩士班,日間碩士班,10,農林漁牧領域
113,招生名額,造船及海洋工程系碩士班,日間碩士班,12,農林漁牧領域
113,招生名額,電訊工程系碩士班,日間碩士班,12,工業領域
113,招生名額,輪機工程系碩士班,日間碩士班,9,農林漁牧領域
113,招生名額,電訊工程系,四技日間部-普高生,3,工業領域
113,招生名額,電腦與通訊工程系,四技日間部-技高生,92,工業領域
113,招生名額,電腦與通訊工程系,四技日間部-普高生,12,工業領域
113,招生名額,電機工程系,四技日間部-技高生,140,工業領域
113,招生名額,電機工程系,四技日間部-普高生,9,工業領域
113,招生名額,模具工程系,四技日間部-技高生,38,工業領域
113,招生名額,模具工程系,四技日間部-普高生,5,工業領域
113,招生名額,模具工程系光電模具組,四技日間部-技高生,37,工業領域
113,招生名額,模具工程系光電模具組,四技日間部-普高生,5,工業領域
113,招生名額,模具工程系精微模具組,四技日間部-技高生,36,工業領域
113,招生名額,造船及海洋工程系,四技進修部,37,農林漁牧領域
113,招生名額,電訊工程系,四技進修部,39,工業領域
113,招生名額,輪機工程系,四技進修部,60,農林漁牧領域
113,招生名額,海事學院海事科技產學合作博士班,博士班,5,農林漁牧領域
113,招生名額,海事資訊科技系碩士在職專班,碩士在職專班,12,農林漁牧領域
113,招生名額,航運技術系碩士在職專班,碩士在職專班,8,農林漁牧領域
113,招生名額,造船及海洋工程系碩士在職專班,碩士在職專班,12,農林漁牧領域
113,招生名額,電訊工程系碩士在職專班,碩士在職專班,15,工業領域
113,招生名額,輪機工程系碩士在職專班,碩士在職專班,15,農林漁牧領域
113,招生名額,供應鏈管理系碩士班,日間碩士班,10,其他
113,招生名額,海洋休閒管理系碩士班,日間碩士班,6,觀光休閒餐旅領域
113,招生名額,航運管理系碩士班,日間碩士班,16,其他
113,招生名額,商務資訊應用系碩士班,日間碩士班,6,其他
113,招生名額,模具工程系精微模具組,四技日間部-普高生,5,工業領域
113,招生名額,機械工程系,四技日間部-技高生,42,工業領域
113,招生名額,機械工程系,四技日間部-普高生,1,工業領域
113,招生名額,機械工程系智能系統與控制組,四技日間部-技高生,41,工業領域
113,招生名額,機械工程系智能系統與控制組,四技日間部-普高生,1,工業領域
113,招生名額,機械工程系微奈米技術組,四技日間部-技高生,41,工業領域
113,招生名額,機械工程系微奈米技術組,四技日間部-普高生,1,工業領域
113,招生名額,機電工程系智慧自動化組,四技日間部-技高生,50,工業領域
113,招生名額,供應鏈管理系,四技進修部,37,其他
113,招生名額,海洋休閒管理系,四技進修部,31,觀光休閒餐旅領域
113,招生名額,航運管理系,四技進修部,29,其他
113,招生名額,航運管理系博士班,博士班,3,其他
113,招生名額,供應鏈管理系碩士在職專班,碩士在職專班,6,其他
113,招生名額,航運管理系碩士在職專班,碩士在職專班,19,其他
113,招生名額,財政稅務系,二技進修部,24,其他
113,招生名額,會計資訊系,二技進修部,34,其他
113,招生名額,觀光管理系,二技進修部,15,觀光休閒餐旅領域
113,招生名額,金融資訊系碩士班,日間碩士班,21,其他
113,招生名額,財政稅務系碩士班,日間碩士班,20,其他
113,招生名額,智慧商務系碩士班,日間碩士班,28,其他
113,招生名額,會計資訊系碩士班,日間碩士班,35,其他
113,招生名額,觀光管理系觀光與餐旅管理碩士班,日間碩士班,13,觀光休閒餐旅領域
113,招生名額,機電工程系智慧自動化組,四技日間部-普高生,6,工業領域
113,招生名額,機電工程系精密機械組,四技日間部-技高生,49,工業領域
113,招生名額,機電工程系精密機械組,四技日間部-普高生,6,工業領域
113,招生名額,營建工程系,四技日間部-技高生,106,工業領域
113,招生名額,營建工程系,四技日間部-普高生,6,工業領域
113,招生名額,環境與安全衛生工程系,四技日間部-技高生,81,工業領域
113,招生名額,環境與安全衛生工程系,四技日間部-普高生,35,工業領域
113,招生名額,人力資源發展系,四技日間部-技高生,50,其他
113,招生名額,人力資源發展系,四技日間部-普高生,1,其他
113,招生名額,工業工程與管理系,四技日間部-技高生,53,其他
113,招生名額,金融資訊系,四技進修部,54,其他
113,招生名額,財政稅務系,四技進修部,38,其他
113,招生名額,會計資訊系,四技進修部,48,其他
113,招生名額,觀光管理系,四技進修部,31,觀光休閒餐旅領域
113,招生名額,商業智慧學院博士班,博士班,6,其他
113,招生名額,金融資訊系碩士在職專班,碩士在職專班,35,其他
113,招生名額,財政稅務系碩士在職專班,碩士在職專班,45,其他
113,招生名額,智慧商務系碩士在職專班,碩士在職專班,34,其他
113,招生名額,會計資訊系碩士在職專班,碩士在職專班,27,其他
113,招生名額,觀光管理系觀光與餐旅管理碩士在職專班,碩士在職專班,32,觀光休閒餐旅領域
113,招生名額,工業設計系碩士班,日間碩士班,14,工業領域
113,招生名額,文化創意產業系碩士班,日間碩士班,17,其他
113,招生名額,工業工程與管理系,四技日間部-普高生,1,其他
113,招生名額,文化創意產業系,四技日間部-技高生,48,其他
113,招生名額,文化創意產業系,四技日間部-普高生,1,其他
113,招生名額,企業管理系,四技日間部-技高生,45,其他
113,招生名額,文化創意產業系碩士在職專班,碩士在職專班,15,其他
113,招生名額,模具工程系,二技日間部,18,工業領域
113,招生名額,機械工程系,二技進修部,24,工業領域
113,招生名額,模具工程系碩士班,日間碩士班,70,工業領域
113,招生名額,機械工程系碩士班,日間碩士班,73,工業領域
113,招生名額,機電工程系碩士班,日間碩士班,39,工業領域
113,招生名額,企業管理系,四技日間部-普高生,1,其他
113,招生名額,行銷與流通管理系,四技日間部-技高生,97,其他
113,招生名額,供應鏈管理系,四技日間部-技高生,52,其他
113,招生名額,供應鏈管理系,四技日間部-普高生,1,其他
113,招生名額,金融系,四技日間部-技高生,93,其他
113,招生名額,金融資訊系,四技日間部-技高生,43,其他
113,招生名額,金融資訊系,四技日間部-普高生,3,其他
113,招生名額,風險管理與保險系,四技日間部-技高生,53,其他
113,招生名額,航運管理系,四技日間部-技高生,86,其他
113,招生名額,航運管理系,四技日間部-普高生,3,其他
113,招生名額,財政稅務系,四技日間部-技高生,51,其他
113,招生名額,財政稅務系,四技日間部-普高生,1,其他
113,招生名額,財務管理系,四技日間部-技高生,39,其他
113,招生名額,財務管理系,四技日間部-普高生,1,其他
113,招生名額,商務資訊應用系,四技日間部-技高生,89,其他
113,招生名額,商務資訊應用系,四技日間部-普高生,1,其他
113,招生名額,國際企業系,四技日間部-技高生,44,其他
113,招生名額,國際企業系,四技日間部-普高生,1,其他
113,招生名額,智慧商務系,四技日間部-技高生,78,其他
113,招生名額,模具工程系,四技進修部,34,工業領域
113,招生名額,機械工程系,四技進修部,39,工業領域
113,招生名額,模具工程系博士班,博士班,2,工業領域
113,招生名額,機械工程系博士班,博士班,6,工業領域
113,招生名額,機電工程系博士班,博士班,3,工業領域
113,招生名額,模具工程系碩士在職專班,碩士在職專班,20,工業領域
113,招生名額,模具工程系應用工程科學碩士在職專班,碩士在職專班,10,工業領域
113,招生名額,機械工程系碩士在職專班,碩士在職專班,36,工業領域
113,招生名額,機電工程系碩士在職專班,碩士在職專班,15,工業領域
113,招生名額,電機工程系,二技進修部,52,工業領域
113,招生名額,半導體工程系碩士班,日間碩士班,16,工業領域
113,招生名額,光電工程研究所,日間碩士班,35,工業領域
113,招生名額,資訊工程系碩士班,日間碩士班,16,工業領域
113,招生名額,電子工程系碩士班(建工校區),日間碩士班,63,工業領域
113,招生名額,電子工程系碩士班(第一校區),日間碩士班,30,工業領域
113,招生名額,電腦與通訊工程系碩士班,日間碩士班,40,工業領域
113,招生名額,電機工程系智慧自動化系統碩士班,日間碩士班,19,工業領域
113,招生名額,電機工程系碩士班,日間碩士班,62,工業領域
113,招生名額,智慧商務系,四技日間部-普高生,1,其他
113,招生名額,會計資訊系,四技日間部-技高生,91,其他
113,招生名額,會計資訊系,四技日間部-普高生,3,其他
113,招生名額,資訊管理系,四技日間部-技高生,85,其他
113,招生名額,資訊管理系,四技日間部-普高生,3,其他
113,招生名額,運籌管理系,四技日間部-技高生,84,其他
113,招生名額,運籌管理系,四技日間部-普高生,1,其他
113,招生名額,應用日語系,四技日間部-技高生,77,其他
113,招生名額,應用英語系,四技日間部-技高生,102,其他
113,招生名額,應用德語系,四技日間部-技高生,37,其他
113,招生名額,應用德語系,四技日間部-普高生,16,其他
113,招生名額,水產食品科學系,四技日間部-技高生,94,農林漁牧領域
113,招生名額,水產食品科學系,四技日間部-普高生,9,農林漁牧領域
113,招生名額,水產養殖系,四技日間部-技高生,85,農林漁牧領域
113,招生名額,水產養殖系,四技日間部-普高生,16,農林漁牧領域
113,招生名額,海事資訊科技系,四技日間部-技高生,41,農林漁牧領域
113,招生名額,半導體工程系,四技進修部,50,工業領域
113,招生名額,電子工程系(建工校區),四技進修部,67,工業領域
113,招生名額,電機工程系,四技進修部,57,工業領域
113,招生名額,電子工程系博士班(建工校區),博士班,16,工業領域
113,招生名額,電機工程系博士班,博士班,7,工業領域
113,招生名額,半導體工程系碩士在職專班,碩士在職專班,15,工業領域
113,招生名額,資訊工程系碩士在職專班,碩士在職專班,16,工業領域
113,招生名額,電子工程系碩士在職專班(建工校區),碩士在職專班,27,工業領域
113,招生名額,電子工程系碩士在職專班(第一校區),碩士在職專班,16,工業領域
113,招生名額,電腦與通訊工程系碩士在職專班,碩士在職專班,10,工業領域
113,招生名額,電機工程系智慧自動化系統碩士在職專班,碩士在職專班,10,工業領域
113,招生名額,電機工程系碩士在職專班,碩士在職專班,33,工業領域
113,招生名額,國際企業系,二技進修部,44,其他
113,招生名額,人力資源發展系碩士班,日間碩士班,20,其他
113,招生名額,企業管理系碩士班,日間碩士班,19,其他
113,招生名額,行銷與流通管理系碩士班,日間碩士班,44,其他
113,招生名額,金融系碩士班,日間碩士班,42,其他
113,招生名額,科技法律研究所,日間碩士班,23,其他
113,招生名額,風險管理與保險系碩士班,日間碩士班,17,其他
113,招生名額,財務管理系碩士班,日間碩士班,30,其他
113,招生名額,國際企業系碩士班,日間碩士班,18,其他
113,招生名額,國際管理碩士學位學程,日間碩士班,9,其他
113,招生名額,資訊管理系電子商務碩士班,日間碩士班,24,其他
113,招生名額,資訊管理系碩士班,日間碩士班,29,其他
113,招生名額,運籌管理系商務經營管理碩士班,日間碩士班,14,其他
113,招生名額,運籌管理系碩士班,日間碩士班,16,其他
113,招生名額,海事資訊科技系,四技日間部-普高生,6,農林漁牧領域
113,招生名額,海洋生物技術系,四技日間部-技高生,47,農林漁牧領域
113,招生名額,海洋生物技術系,四技日間部-普高生,6,農林漁牧領域
113,招生名額,航運技術系,四技日間部-技高生,36,農林漁牧領域
113,招生名額,航運技術系,四技日間部-普高生,18,農林漁牧領域
113,招生名額,造船及海洋工程系,四技日間部-技高生,100,農林漁牧領域
113,招生名額,造船及海洋工程系,四技日間部-普高生,6,農林漁牧領域
113,招生名額,漁業科技與管理系,四技日間部-技高生,40,農林漁牧領域
113,招生名額,漁業科技與管理系,四技日間部-普高生,16,農林漁牧領域
113,招生名額,輪機工程系,四技日間部-技高生,74,農林漁牧領域
113,招生名額,輪機工程系,四技日間部-普高生,19,農林漁牧領域
113,招生名額,海洋休閒管理系,四技日間部-技高生,41,觀光休閒餐旅領域
113,招生名額,海洋休閒管理系,四技日間部-普高生,2,觀光休閒餐旅領域
113,招生名額,觀光管理系,四技日間部-技高生,31,觀光休閒餐旅領域
113,招生名額,觀光管理系,四技日間部-普高生,4,觀光休閒餐旅領域
113,招生名額,企業管理系,四技進修部,55,其他
113,招生名額,金融系,四技進修部,48,其他
113,招生名額,國際企業系,四技進修部,57,其他
113,招生名額,國際企業系博士班,博士班,4,其他
113,招生名額,管理學院博士班,博士班,17,其他
113,招生名額,人力資源發展系碩士在職專班,碩士在職專班,29,其他
113,招生名額,企業管理系碩士在職專班,碩士在職專班,30,其他
113,招生名額,行銷與流通管理系碩士在職專班,碩士在職專班,29,其他
113,招生名額,金融系碩士在職專班,碩士在職專班,32,其他
113,招生名額,科技法律研究所,碩士在職專班,27,其他
113,招生名額,風險管理與保險系碩士在職專班,碩士在職專班,20,其他
113,招生名額,財務管理系碩士在職專班,碩士在職專班,24,其他
113,招生名額,國際企業系碩士在職專班,碩士在職專班,26,其他
113,招生名額,資訊管理系碩士在職專班,碩士在職專班,18,其他
113,招生名額,運籌管理系商務經營管理碩士在職專班,碩士在職專班,18,其他
113,招生名額,運籌管理系碩士在職專班,碩士在職專班,16,其他
113,招生名額,管理學院企業管理高階經營管理碩士在職專班,碩士在職專班,20,其他
113,招生名額,管理學院高階主管經營管理碩士在職專班,碩士在職專班,24,其他
112,招生名額,土木工程系,四技日間部-普高生,31,工業領域
112,招生名額,人力資源發展系,四技日間部-技高生,52,其他
112,招生名額,人力資源發展系碩士在職專班,碩士在職專班,29,其他
112,招生名額,人力資源發展系碩士班,日間碩士班,21,其他
112,招生名額,土木工程系,二技進修部,54,工業領域
112,招生名額,工業設計系,四技日間部-普高生,7,工業領域
112,招生名額,土木工程系,四技日間部-技高生,108,工業領域
112,招生名額,土木工程系土木工程科技博士班,博士班,2,工業領域
112,招生名額,土木工程系土木工程與防災科技碩士在職專班,碩士在職專班,45,工業領域
112,招生名額,土木工程系碩士班,日間碩士班,38,工業領域
112,招生名額,土木工程科,五專部,30,工業領域
112,招生名額,工業工程與管理系,二技日間部,13,其他
112,招生名額,工業工程與管理系,二技進修部,27,其他
112,招生名額,化學工程與材料工程系,四技日間部-普高生,23,工業領域
112,招生名額,工業工程與管理系,四技日間部-技高生,53,其他
112,招生名額,工業工程與管理系,四技進修部,17,其他
112,招生名額,工業工程與管理系博士班,博士班,4,其他
112,招生名額,工業工程與管理系碩士在職專班,碩士在職專班,55,其他
112,招生名額,工業工程與管理系碩士班,日間碩士班,23,其他
112,招生名額,半導體工程系,四技日間部-普高生,4,工業領域
112,招生名額,工業設計系,四技日間部-技高生,30,工業領域
112,招生名額,工業設計系碩士班,日間碩士班,14,工業領域
112,招生名額,工學院工程科技博士班,博士班,9,工業領域
112,招生名額,海洋環境工程系,四技日間部-普高生,4,工業領域
112,招生名額,化學工程與材料工程系,四技日間部-技高生,91,工業領域
112,招生名額,化學工程與材料工程系,四技進修部,46,工業領域
112,招生名額,化學工程與材料工程系博士班,博士班,2,工業領域
112,招生名額,化學工程與材料工程系碩士在職專班,碩士在職專班,31,工業領域
112,招生名額,化學工程與材料工程系碩士班,日間碩士班,47,工業領域
112,招生名額,能源與冷凍空調工程系,四技日間部-普高生,13,工業領域
112,招生名額,文化創意產業系,四技日間部-技高生,47,其他
112,招生名額,文化創意產業系碩士在職專班,碩士在職專班,15,其他
112,招生名額,文化創意產業系碩士班,日間碩士班,16,其他
112,招生名額,水圈學院水產科技產業博士班,博士班,3,農林漁牧領域
112,招生名額,高瞻科技不分系學士學位學程,四技日間部-普高生,18,工業領域
112,招生名額,水產食品科學系,四技日間部-技高生,94,農林漁牧領域
112,招生名額,水產食品科學系,四技進修部,55,農林漁牧領域
112,招生名額,水產食品科學系碩士在職專班,碩士在職專班,15,農林漁牧領域
112,招生名額,水產食品科學系碩士班,日間碩士班,20,農林漁牧領域
112,招生名額,資訊工程系,四技日間部-普高生,4,工業領域
112,招生名額,水產養殖系,四技日間部-技高生,85,農林漁牧領域
112,招生名額,水產養殖系,四技進修部,55,農林漁牧領域
112,招生名額,水產養殖系碩士班,日間碩士班,11,農林漁牧領域
112,招生名額,電子工程系(第一校區),四技日間部-普高生,19,工業領域
112,招生名額,半導體工程系,四技日間部-技高生,50,工業領域
112,招生名額,半導體工程系,四技進修部,50,工業領域
112,招生名額,半導體工程系碩士在職專班,碩士在職專班,13,工業領域
112,招生名額,半導體工程系碩士班,日間碩士班,14,工業領域
112,招生名額,電子工程系資訊組,四技日間部-普高生,6,工業領域
112,招生名額,企業管理系,四技日間部-技高生,45,其他
112,招生名額,企業管理系,四技進修部,55,其他
112,招生名額,企業管理系碩士在職專班,碩士在職專班,30,其他
112,招生名額,企業管理系碩士班,日間碩士班,18,其他
112,招生名額,光電工程研究所,日間碩士班,35,工業領域
112,招生名額,行銷與流通管理系,四技日間部-技高生,98,其他
112,招生名額,行銷與流通管理系碩士在職專班,碩士在職專班,26,其他
112,招生名額,行銷與流通管理系碩士班,日間碩士班,46,其他
112,招生名額,車輛工程系,四技日間部-技高生,35,工業領域
112,招生名額,電子工程系電子組,四技日間部-普高生,6,工業領域
112,招生名額,供應鏈管理系,四技日間部-技高生,52,其他
112,招生名額,供應鏈管理系,四技進修部,43,其他
112,招生名額,供應鏈管理系碩士在職專班,碩士在職專班,6,其他
112,招生名額,供應鏈管理系碩士班,日間碩士班,11,其他
112,招生名額,金融系,四技日間部-技高生,93,其他
112,招生名額,金融系,四技進修部,48,其他
112,招生名額,金融系碩士在職專班,碩士在職專班,32,其他
112,招生名額,金融系碩士班,日間碩士班,31,其他
112,招生名額,電子工程系電信與系統組,四技日間部-普高生,5,工業領域
112,招生名額,金融資訊系,四技日間部-技高生,42,其他
112,招生名額,金融資訊系,四技進修部,54,其他
112,招生名額,金融資訊系碩士在職專班,碩士在職專班,35,其他
112,招生名額,金融資訊系碩士班,日間碩士班,21,其他
112,招生名額,科技法律研究所,日間碩士班,24,其他
112,招生名額,科技法律研究所,碩士在職專班,27,其他
112,招生名額,風險管理與保險系,四技日間部-技高生,52,其他
112,招生名額,風險管理與保險系碩士在職專班,碩士在職專班,21,其他
112,招生名額,風險管理與保險系碩士班,日間碩士班,19,其他
112,招生名額,海事風電工程碩士學位學程,日間碩士班,8,工業領域
112,招生名額,電訊工程系,四技日間部-普高生,4,工業領域
112,招生名額,海事資訊科技系,四技日間部-技高生,41,農林漁牧領域
112,招生名額,海事資訊科技系碩士在職專班,碩士在職專班,12,農林漁牧領域
112,招生名額,海事資訊科技系碩士班,日間碩士班,9,農林漁牧領域
112,招生名額,海事學院海事科技產學合作博士班,博士班,5,農林漁牧領域
112,招生名額,電腦與通訊工程系,四技日間部-普高生,10,工業領域
112,招生名額,海洋生物技術系,四技日間部-技高生,47,農林漁牧領域
112,招生名額,海洋生物技術系碩士班,日間碩士班,11,農林漁牧領域
112,招生名額,電機工程系,四技日間部-普高生,11,工業領域
112,招生名額,海洋休閒管理系,四技日間部-技高生,41,觀光休閒餐旅領域
112,招生名額,海洋休閒管理系,四技進修部,37,觀光休閒餐旅領域
112,招生名額,海洋休閒管理系碩士班,日間碩士班,6,觀光休閒餐旅領域
112,招生名額,海洋事務與產業管理研究所,日間碩士班,13,農林漁牧領域
112,招生名額,模具工程系,四技日間部-普高生,5,工業領域
112,招生名額,海洋環境工程系,四技日間部-技高生,50,工業領域
112,招生名額,海洋環境工程系,四技進修部,54,工業領域
112,招生名額,海洋環境工程系碩士班,日間碩士班,16,工業領域
112,招生名額,模具工程系光電模具組,四技日間部-普高生,5,工業領域
112,招生名額,能源與冷凍空調工程系,四技日間部-技高生,25,工業領域
112,招生名額,航海科,五專部,50,農林漁牧領域
112,招生名額,航運技術系,二技日間部,45,農林漁牧領域
112,招生名額,模具工程系精微模具組,四技日間部-普高生,5,工業領域
112,招生名額,航運技術系,四技日間部-技高生,36,農林漁牧領域
112,招生名額,航運技術系碩士在職專班,碩士在職專班,8,農林漁牧領域
112,招生名額,航運技術系碩士班,日間碩士班,10,農林漁牧領域
112,招生名額,機械工程系,四技日間部-普高生,5,工業領域
112,招生名額,航運管理系,四技日間部-技高生,85,其他
112,招生名額,航運管理系,四技進修部,30,其他
112,招生名額,航運管理系博士班,博士班,3,其他
112,招生名額,航運管理系碩士在職專班,碩士在職專班,19,其他
112,招生名額,航運管理系碩士班,日間碩士班,16,其他
112,招生名額,財政稅務系,二技進修部,24,其他
112,招生名額,機械工程系智能系統與控制組,四技日間部-普高生,4,工業領域
112,招生名額,財政稅務系,四技日間部-技高生,50,其他
112,招生名額,財政稅務系,四技進修部,38,其他
112,招生名額,財政稅務系碩士在職專班,碩士在職專班,45,其他
112,招生名額,財政稅務系碩士班,日間碩士班,20,其他
112,招生名額,機械工程系微奈米技術組,四技日間部-普高生,4,工業領域
112,招生名額,財務管理系,四技日間部-技高生,40,其他
112,招生名額,財務管理系碩士在職專班,碩士在職專班,26,其他
112,招生名額,財務管理系碩士班,日間碩士班,28,其他
112,招生名額,機電工程系智慧自動化組,四技日間部-普高生,3,工業領域
112,招生名額,高瞻科技不分系學士學位學程,四技日間部-技高生,21,工業領域
112,招生名額,機電工程系精密機械組,四技日間部-普高生,3,工業領域
112,招生名額,商務資訊應用系,四技日間部-技高生,90,其他
112,招生名額,商務資訊應用系碩士班,日間碩士班,7,其他
112,招生名額,商業智慧學院博士班,博士班,6,其他
112,招生名額,國際企業系,二技進修部,49,其他
112,招生名額,營建工程系,四技日間部-普高生,6,工業領域
112,招生名額,國際企業系,四技日間部-技高生,44,其他
112,招生名額,國際企業系,四技進修部,60,其他
112,招生名額,國際企業系博士班,博士班,4,其他
112,招生名額,國際企業系碩士在職專班,碩士在職專班,28,其他
112,招生名額,國際企業系碩士班,日間碩士班,20,其他
112,招生名額,國際管理碩士學位學程,日間碩士班,9,其他
112,招生名額,環境與安全衛生工程系,四技日間部-普高生,28,工業領域
112,招生名額,造船及海洋工程系,四技日間部-技高生,100,農林漁牧領域
112,招生名額,造船及海洋工程系,四技進修部,40,農林漁牧領域
112,招生名額,造船及海洋工程系碩士在職專班,碩士在職專班,12,農林漁牧領域
112,招生名額,造船及海洋工程系碩士班,日間碩士班,12,農林漁牧領域
112,招生名額,創業管理碩士學位學程,日間碩士班,11,其他
112,招生名額,人力資源發展系,四技日間部-普高生,1,其他
112,招生名額,智慧商務系,四技日間部-技高生,79,其他
112,招生名額,智慧商務系碩士在職專班,碩士在職專班,34,其他
112,招生名額,智慧商務系碩士班,日間碩士班,29,其他
112,招生名額,會計資訊系,二技進修部,34,其他
112,招生名額,工業工程與管理系,四技日間部-普高生,1,其他
112,招生名額,會計資訊系,四技日間部-技高生,91,其他
112,招生名額,會計資訊系,四技進修部,48,其他
112,招生名額,會計資訊系碩士在職專班,碩士在職專班,27,其他
112,招生名額,會計資訊系碩士班,日間碩士班,35,其他
112,招生名額,文化創意產業系,四技日間部-普高生,1,其他
112,招生名額,資訊工程系,四技日間部-技高生,47,工業領域
112,招生名額,資訊工程系碩士在職專班,碩士在職專班,16,工業領域
112,招生名額,資訊工程系碩士班,日間碩士班,15,工業領域
112,招生名額,企業管理系,四技日間部-普高生,2,其他
112,招生名額,資訊管理系,四技日間部-技高生,84,其他
112,招生名額,資訊管理系電子商務碩士班,日間碩士班,21,其他
112,招生名額,資訊管理系碩士在職專班,碩士在職專班,16,其他
112,招生名額,資訊管理系碩士班,日間碩士班,26,其他
112,招生名額,供應鏈管理系,四技日間部-普高生,1,其他
112,招生名額,運籌管理系,四技日間部-技高生,83,其他
112,招生名額,運籌管理系商務經營管理碩士在職專班,碩士在職專班,18,其他
112,招生名額,運籌管理系商務經營管理碩士班,日間碩士班,14,其他
112,招生名額,運籌管理系碩士在職專班,碩士在職專班,18,其他
112,招生名額,運籌管理系碩士班,日間碩士班,20,其他
112,招生名額,電子工程系(建工校區),四技進修部,67,工業領域
112,招生名額,金融資訊系,四技日間部-普高生,2,其他
112,招生名額,電子工程系(第一校區),四技日間部-技高生,52,工業領域
112,招生名額,電子工程系博士班(建工校區),博士班,16,工業領域
112,招生名額,航運管理系,四技日間部-普高生,2,其他
112,招生名額,電子工程系資訊組,四技日間部-技高生,41,工業領域
112,招生名額,財政稅務系,四技日間部-普高生,1,其他
112,招生名額,電子工程系電子組,四技日間部-技高生,41,工業領域
112,招生名額,財務管理系,四技日間部-普高生,1,其他
112,招生名額,電子工程系電信與系統組,四技日間部-技高生,41,工業領域
112,招生名額,電子工程系碩士在職專班(建工校區),碩士在職專班,27,工業領域
112,招生名額,電子工程系碩士在職專班(第一校區),碩士在職專班,18,工業領域
112,招生名額,電子工程系碩士班(建工校區),日間碩士班,63,工業領域
112,招生名額,電子工程系碩士班(第一校區),日間碩士班,30,工業領域
112,招生名額,商務資訊應用系,四技日間部-普高生,1,其他
112,招生名額,電訊工程系,四技日間部-技高生,40,工業領域
112,招生名額,電訊工程系,四技進修部,43,工業領域
112,招生名額,電訊工程系碩士在職專班,碩士在職專班,15,工業領域
112,招生名額,電訊工程系碩士班,日間碩士班,15,工業領域
112,招生名額,國際企業系,四技日間部-普高生,1,其他
112,招生名額,電腦與通訊工程系,四技日間部-技高生,92,工業領域
112,招生名額,電腦與通訊工程系碩士在職專班,碩士在職專班,10,工業領域
112,招生名額,電腦與通訊工程系碩士班,日間碩士班,40,工業領域
112,招生名額,電機工程系,二技進修部,51,工業領域
112,招生名額,智慧商務系,四技日間部-普高生,2,其他
112,招生名額,電機工程系,四技日間部-技高生,140,工業領域
112,招生名額,電機工程系,四技進修部,57,工業領域
112,招生名額,電機工程系博士班,博士班,7,工業領域
112,招生名額,電機工程系智慧自動化系統碩士在職專班,碩士在職專班,10,工業領域
112,招生名額,電機工程系智慧自動化系統碩士班,日間碩士班,19,工業領域
112,招生名額,電機工程系碩士在職專班,碩士在職專班,33,工業領域
112,招生名額,電機工程系碩士班,日間碩士班,62,工業領域
112,招生名額,會計資訊系,四技日間部-普高生,2,其他
112,招生名額,漁業科技與管理系,四技日間部-技高生,40,農林漁牧領域
112,招生名額,漁業科技與管理系碩士在職專班,碩士在職專班,11,農林漁牧領域
112,招生名額,漁業科技與管理系碩士班,日間碩士班,8,農林漁牧領域
112,招生名額,漁業科技與管理科,五專部,30,農林漁牧領域
112,招生名額,管理學院企業管理高階經營管理碩士在職專班,碩士在職專班,20,其他
112,招生名額,管理學院高階主管經營管理碩士在職專班,碩士在職專班,24,其他
112,招生名額,管理學院博士班,博士班,19,其他
112,招生名額,模具工程系,二技日間部,18,工業領域
112,招生名額,資訊管理系,四技日間部-普高生,2,其他
112,招生名額,模具工程系,四技日間部-技高生,48,工業領域
112,招生名額,模具工程系,四技進修部,51,工業領域
112,招生名額,運籌管理系,四技日間部-普高生,2,其他
112,招生名額,模具工程系光電模具組,四技日間部-技高生,46,工業領域
112,招生名額,模具工程系博士班,博士班,2,工業領域
112,招生名額,模具工程系碩士在職專班,碩士在職專班,20,工業領域
112,招生名額,模具工程系碩士班,日間碩士班,70,工業領域
112,招生名額,應用德語系,四技日間部-普高生,17,其他
112,招生名額,模具工程系精微模具組,四技日間部-技高生,47,工業領域
112,招生名額,模具工程系應用工程科學碩士在職專班,碩士在職專班,11,工業領域
112,招生名額,模具工程科,五專部,30,工業領域
112,招生名額,輪機工程系,二技日間部,45,農林漁牧領域
112,招生名額,水產食品科學系,四技日間部-普高生,9,農林漁牧領域
112,招生名額,輪機工程系,四技日間部-技高生,74,農林漁牧領域
112,招生名額,輪機工程系,四技進修部,57,農林漁牧領域
112,招生名額,輪機工程系碩士在職專班,碩士在職專班,16,農林漁牧領域
112,招生名額,輪機工程系碩士班,日間碩士班,9,農林漁牧領域
112,招生名額,輪機工程科,五專部,50,農林漁牧領域
112,招生名額,機械工程系,二技進修部,33,工業領域
112,招生名額,水產養殖系,四技日間部-普高生,15,農林漁牧領域
112,招生名額,機械工程系,四技日間部-技高生,42,工業領域
112,招生名額,機械工程系,四技進修部,54,工業領域
112,招生名額,機械工程系博士班,博士班,6,工業領域
112,招生名額,海事資訊科技系,四技日間部-普高生,6,農林漁牧領域
112,招生名額,機械工程系智能系統與控制組,四技日間部-技高生,41,工業領域
112,招生名額,海洋生物技術系,四技日間部-普高生,8,農林漁牧領域
112,招生名額,機械工程系微奈米技術組,四技日間部-技高生,41,工業領域
112,招生名額,機械工程系碩士在職專班,碩士在職專班,36,工業領域
112,招生名額,機械工程系碩士班,日間碩士班,73,工業領域
112,招生名額,航運技術系,四技日間部-普高生,16,農林漁牧領域
112,招生名額,機電工程系智慧自動化組,四技日間部-技高生,49,工業領域
112,招生名額,機電工程系碩士在職專班,碩士在職專班,14,工業領域
112,招生名額,機電工程系碩士班,日間碩士班,39,工業領域
112,招生名額,造船及海洋工程系,四技日間部-普高生,10,農林漁牧領域
112,招生名額,機電工程系精密機械組,四技日間部-技高生,49,工業領域
112,招生名額,應用日語系,二技日間部,31,其他
112,招生名額,應用日語系,四技日間部-技高生,77,其他
112,招生名額,應用日語系碩士在職專班,碩士在職專班,10,其他
112,招生名額,應用日語系碩士班,日間碩士班,12,其他
112,招生名額,應用英語系,二技日間部,34,其他
112,招生名額,應用英語系,二技進修部,54,其他
112,招生名額,應用英語系,四技日間部-技高生,103,其他
112,招生名額,應用英語系口筆譯碩士班,日間碩士班,16,其他
112,招生名額,應用英語系應用語言學與英語教學碩士班,日間碩士班,23,其他
112,招生名額,漁業科技與管理系,四技日間部-普高生,15,農林漁牧領域
112,招生名額,應用德語系,四技日間部-技高生,37,其他
112,招生名額,應用德語系碩士班,日間碩士班,9,其他
112,招生名額,輪機工程系,四技日間部-普高生,17,農林漁牧領域
112,招生名額,營建工程系,四技日間部-技高生,106,工業領域
112,招生名額,營建工程系碩士班,日間碩士班,21,工業領域
112,招生名額,營建工程系營建工程與管理碩士在職專班,碩士在職專班,16,工業領域
112,招生名額,海洋休閒管理系,四技日間部-普高生,3,觀光休閒餐旅領域
112,招生名額,環境與安全衛生工程系,四技日間部-技高生,80,工業領域
112,招生名額,環境與安全衛生工程系博士班,博士班,3,工業領域
112,招生名額,環境與安全衛生工程系碩士在職專班,碩士在職專班,45,工業領域
112,招生名額,環境與安全衛生工程系碩士班,日間碩士班,44,工業領域
112,招生名額,觀光管理系,二技進修部,15,觀光休閒餐旅領域
112,招生名額,觀光管理系,四技日間部-普高生,3,觀光休閒餐旅領域
112,招生名額,觀光管理系,四技日間部-技高生,31,觀光休閒餐旅領域
112,招生名額,觀光管理系,四技進修部,35,觀光休閒餐旅領域
112,招生名額,觀光管理系觀光與餐旅管理碩士在職專班,碩士在職專班,32,觀光休閒餐旅領域
112,招生名額,觀光管理系觀光與餐旅管理碩士班,日間碩士班,13,觀光休閒餐旅領域
111,招生名額,人力資源發展系,四技日間部-普高生,1,其他
111,招生名額,人力資源發展系,四技日間部-技高生,53,其他
111,招生名額,人力資源發展系碩士在職專班,碩士在職專班,29,其他
111,招生名額,人力資源發展系碩士班,日間碩士班,24,其他
111,招生名額,土木工程系,二技進修部,35,工業領域
111,招生名額,土木工程系,四技日間部-普高生,31,工業領域
111,招生名額,土木工程系,四技日間部-技高生,108,工業領域
111,招生名額,土木工程系,進修學院,44,工業領域
111,招生名額,土木工程系土木工程科技博士班,博士班,2,工業領域
111,招生名額,土木工程系土木工程與防災科技碩士在職專班,碩士在職專班,41,工業領域
111,招生名額,土木工程系碩士班,日間碩士班,38,工業領域
111,招生名額,土木工程科,五專部,30,工業領域
111,招生名額,工業工程與管理系,二技日間部,21,其他
111,招生名額,工業工程與管理系,四技日間部-普高生,1,其他
111,招生名額,工業工程與管理系,四技日間部-技高生,53,其他
111,招生名額,工業工程與管理系,四技進修部,32,其他
111,招生名額,工業工程與管理系,進修學院,48,其他
111,招生名額,工業工程與管理系博士班,博士班,4,其他
111,招生名額,工業工程與管理系碩士在職專班,碩士在職專班,55,其他
111,招生名額,工業工程與管理系碩士班,日間碩士班,27,其他
111,招生名額,工業設計系,四技日間部-普高生,10,工業領域
111,招生名額,工業設計系,四技日間部-技高生,30,工業領域
111,招生名額,工業設計系碩士班,日間碩士班,14,工業領域
111,招生名額,工學院工程科技博士班,博士班,12,工業領域
111,招生名額,化學工程與材料工程系,四技日間部-普高生,23,工業領域
111,招生名額,化學工程與材料工程系,四技日間部-技高生,91,工業領域
111,招生名額,化學工程與材料工程系,四技進修部,46,工業領域
111,招生名額,化學工程與材料工程系博士班,博士班,2,工業領域
111,招生名額,化學工程與材料工程系碩士在職專班,碩士在職專班,31,工業領域
111,招生名額,化學工程與材料工程系碩士班,日間碩士班,47,工業領域
111,招生名額,文化創意產業系,四技日間部-普高生,1,其他
111,招生名額,文化創意產業系,四技日間部-技高生,48,其他
111,招生名額,文化創意產業系碩士在職專班,碩士在職專班,15,其他
111,招生名額,文化創意產業系碩士班,日間碩士班,13,其他
111,招生名額,水圈學院水產科技產業博士班,博士班,3,農林漁牧領域
111,招生名額,水產食品科學系,四技日間部-普高生,9,農林漁牧領域
111,招生名額,水產食品科學系,四技日間部-技高生,94,農林漁牧領域
111,招生名額,水產食品科學系,四技進修部,55,農林漁牧領域
111,招生名額,水產食品科學系碩士在職專班,碩士在職專班,15,農林漁牧領域
111,招生名額,水產食品科學系碩士班,日間碩士班,20,農林漁牧領域
111,招生名額,水產養殖系,四技日間部-普高生,15,農林漁牧領域
111,招生名額,水產養殖系,四技日間部-技高生,85,農林漁牧領域
111,招生名額,水產養殖系,四技進修部,55,農林漁牧領域
111,招生名額,水產養殖系碩士班,日間碩士班,11,農林漁牧領域
111,招生名額,半導體工程系,四技日間部-普高生,4,工業領域
111,招生名額,半導體工程系,四技日間部-技高生,50,工業領域
111,招生名額,半導體工程系,四技進修部,50,工業領域
111,招生名額,半導體工程系碩士在職專班,碩士在職專班,13,工業領域
111,招生名額,半導體工程系碩士班,日間碩士班,14,工業領域
111,招生名額,企業管理系,四技日間部-普高生,1,其他
111,招生名額,企業管理系,四技日間部-技高生,44,其他
111,招生名額,企業管理系,四技進修部,47,其他
111,招生名額,企業管理系,進修學院,50,其他
111,招生名額,企業管理系碩士在職專班,碩士在職專班,30,其他
111,招生名額,企業管理系碩士班,日間碩士班,17,其他
111,招生名額,光電工程研究所,日間碩士班,35,工業領域
111,招生名額,行銷與流通管理系,四技日間部-技高生,98,其他
111,招生名額,行銷與流通管理系碩士在職專班,碩士在職專班,26,其他
111,招生名額,行銷與流通管理系碩士班,日間碩士班,46,其他
111,招生名額,供應鏈管理系,四技日間部-普高生,1,其他
111,招生名額,供應鏈管理系,四技日間部-技高生,53,其他
111,招生名額,供應鏈管理系,四技進修部,43,其他
111,招生名額,供應鏈管理系碩士在職專班,碩士在職專班,6,其他
111,招生名額,供應鏈管理系碩士班,日間碩士班,12,其他
111,招生名額,金融系,四技日間部-技高生,94,其他
111,招生名額,金融系,四技進修部,48,其他
111,招生名額,金融系碩士在職專班,碩士在職專班,32,其他
111,招生名額,金融系碩士班,日間碩士班,31,其他
111,招生名額,金融資訊系,四技日間部-普高生,1,其他
111,招生名額,金融資訊系,四技日間部-技高生,42,其他
111,招生名額,金融資訊系,四技進修部,54,其他
111,招生名額,金融資訊系碩士在職專班,碩士在職專班,35,其他
111,招生名額,金融資訊系碩士班,日間碩士班,21,其他
111,招生名額,科技法律研究所,日間碩士班,24,其他
111,招生名額,科技法律研究所,碩士在職專班,27,其他
111,招生名額,風險管理與保險系,四技日間部-技高生,53,其他
111,招生名額,風險管理與保險系碩士在職專班,碩士在職專班,21,其他
111,招生名額,風險管理與保險系碩士班,日間碩士班,19,其他
111,招生名額,海事風電工程碩士學位學程,日間碩士班,8,工業領域
111,招生名額,海事資訊科技系,四技日間部-普高生,6,農林漁牧領域
111,招生名額,海事資訊科技系,四技日間部-技高生,41,農林漁牧領域
111,招生名額,海事資訊科技系碩士在職專班,碩士在職專班,12,農林漁牧領域
111,招生名額,海事資訊科技系碩士班,日間碩士班,9,農林漁牧領域
111,招生名額,海事學院海事科技產學合作博士班,博士班,5,農林漁牧領域
111,招生名額,海洋生物技術系,四技日間部-普高生,8,農林漁牧領域
111,招生名額,海洋生物技術系,四技日間部-技高生,47,農林漁牧領域
111,招生名額,海洋生物技術系碩士班,日間碩士班,11,農林漁牧領域
111,招生名額,海洋休閒管理系,四技日間部-普高生,3,觀光休閒餐旅領域
111,招生名額,海洋休閒管理系,四技日間部-技高生,41,觀光休閒餐旅領域
111,招生名額,海洋休閒管理系,四技進修部,37,觀光休閒餐旅領域
111,招生名額,海洋休閒管理系碩士班,日間碩士班,6,觀光休閒餐旅領域
111,招生名額,海洋事務與產業管理研究所,日間碩士班,13,農林漁牧領域
111,招生名額,海洋環境工程系,四技日間部-普高生,4,工業領域
111,招生名額,海洋環境工程系,四技日間部-技高生,50,工業領域
111,招生名額,海洋環境工程系,四技進修部,54,工業領域
111,招生名額,海洋環境工程系碩士班,日間碩士班,16,工業領域
111,招生名額,能源與冷凍空調工程系,四技日間部-普高生,10,工業領域
111,招生名額,能源與冷凍空調工程系,四技日間部-技高生,25,工業領域
111,招生名額,航海科,五專部,50,農林漁牧領域
111,招生名額,航運技術系,二技日間部,45,農林漁牧領域
111,招生名額,航運技術系,四技日間部-普高生,16,農林漁牧領域
111,招生名額,航運技術系,四技日間部-技高生,36,農林漁牧領域
111,招生名額,航運技術系碩士在職專班,碩士在職專班,8,農林漁牧領域
111,招生名額,航運技術系碩士班,日間碩士班,10,農林漁牧領域
111,招生名額,航運管理系,四技日間部-普高生,2,其他
111,招生名額,航運管理系,四技日間部-技高生,84,其他
111,招生名額,航運管理系,四技進修部,30,其他
111,招生名額,航運管理系博士班,博士班,3,其他
111,招生名額,航運管理系碩士在職專班,碩士在職專班,19,其他
111,招生名額,航運管理系碩士班,日間碩士班,16,其他
111,招生名額,財政稅務系,二技進修部,20,其他
111,招生名額,財政稅務系,四技日間部-普高生,2,其他
111,招生名額,財政稅務系,四技日間部-技高生,50,其他
111,招生名額,財政稅務系,四技進修部,35,其他
111,招生名額,財政稅務系碩士在職專班,碩士在職專班,45,其他
111,招生名額,財政稅務系碩士班,日間碩士班,21,其他
111,招生名額,財務管理系,四技日間部-普高生,2,其他
111,招生名額,財務管理系,四技日間部-技高生,39,其他
111,招生名額,財務管理系碩士在職專班,碩士在職專班,26,其他
111,招生名額,財務管理系碩士班,日間碩士班,28,其他
111,招生名額,高瞻科技不分系學士學位學程,四技日間部-普高生,18,工業領域
111,招生名額,高瞻科技不分系學士學位學程,四技日間部-技高生,21,工業領域
111,招生名額,商務資訊應用系,四技日間部-普高生,1,其他
111,招生名額,商務資訊應用系,四技日間部-技高生,91,其他
111,招生名額,商務資訊應用系碩士班,日間碩士班,6,其他
111,招生名額,商業智慧學院博士班,博士班,6,其他
111,招生名額,國際企業系,四技日間部-普高生,1,其他
111,招生名額,國際企業系,四技日間部-技高生,46,其他
111,招生名額,國際企業系,四技進修部,53,其他
111,招生名額,國際企業系,進修學院,29,其他
111,招生名額,國際企業系博士班,博士班,4,其他
111,招生名額,國際企業系碩士在職專班,碩士在職專班,28,其他
111,招生名額,國際企業系碩士班,日間碩士班,21,其他
111,招生名額,國際管理碩士學位學程,日間碩士班,10,其他
111,招生名額,造船及海洋工程系,四技日間部-普高生,10,農林漁牧領域
111,招生名額,造船及海洋工程系,四技日間部-技高生,100,農林漁牧領域
111,招生名額,造船及海洋工程系,四技進修部,40,農林漁牧領域
111,招生名額,造船及海洋工程系碩士在職專班,碩士在職專班,12,農林漁牧領域
111,招生名額,造船及海洋工程系碩士班,日間碩士班,12,農林漁牧領域
111,招生名額,創業管理碩士學位學程,日間碩士班,11,其他
111,招生名額,智慧商務系,四技日間部-普高生,1,其他
111,招生名額,智慧商務系,四技日間部-技高生,78,其他
111,招生名額,智慧商務系碩士在職專班,碩士在職專班,34,其他
111,招生名額,智慧商務系碩士班,日間碩士班,28,其他
111,招生名額,會計資訊系,四技日間部-普高生,2,其他
111,招生名額,會計資訊系,四技日間部-技高生,90,其他
111,招生名額,會計資訊系,四技進修部,47,其他
111,招生名額,會計資訊系,進修學院,32,其他
111,招生名額,會計資訊系碩士在職專班,碩士在職專班,27,其他
111,招生名額,會計資訊系碩士班,日間碩士班,36,其他
111,招生名額,資訊工程系,四技日間部-普高生,4,工業領域
111,招生名額,資訊工程系,四技日間部-技高生,47,工業領域
111,招生名額,資訊工程系碩士在職專班,碩士在職專班,16,工業領域
111,招生名額,資訊工程系碩士班,日間碩士班,15,工業領域
111,招生名額,資訊管理系,四技日間部-普高生,1,其他
111,招生名額,資訊管理系,四技日間部-技高生,83,其他
111,招生名額,資訊管理系電子商務碩士班,日間碩士班,21,其他
111,招生名額,資訊管理系碩士在職專班,碩士在職專班,19,其他
111,招生名額,資訊管理系碩士班,日間碩士班,26,其他
111,招生名額,運籌管理系,四技日間部-普高生,2,其他
111,招生名額,運籌管理系,四技日間部-技高生,82,其他
111,招生名額,運籌管理系商務經營管理碩士在職專班,碩士在職專班,18,其他
111,招生名額,運籌管理系商務經營管理碩士班,日間碩士班,14,其他
111,招生名額,運籌管理系碩士在職專班,碩士在職專班,18,其他
111,招生名額,運籌管理系碩士班,日間碩士班,21,其他
111,招生名額,電子工程系(建工校區),四技進修部,67,工業領域
111,招生名額,電子工程系博士班(建工校區),博士班,16,工業領域
111,招生名額,電子工程系資訊組,四技日間部-普高生,6,工業領域
111,招生名額,電子工程系資訊組,四技日間部-技高生,41,工業領域
111,招生名額,電子工程系電子組,四技日間部-普高生,6,工業領域
111,招生名額,電子工程系電子組,四技日間部-技高生,41,工業領域
111,招生名額,電子工程系電信與系統組,四技日間部-普高生,5,工業領域
111,招生名額,電子工程系電信與系統組,四技日間部-技高生,41,工業領域
111,招生名額,電子工程系碩士在職專班(建工校區),碩士在職專班,27,工業領域
111,招生名額,電子工程系碩士班(建工校區),日間碩士班,63,工業領域
111,招生名額,電子工程系碩士班(第一校區),日間碩士班,30,工業領域
111,招生名額,電子工程系(第一校區),四技日間部-普高生,19,工業領域
111,招生名額,電子工程系(第一校區),四技日間部-技高生,52,工業領域
111,招生名額,電子工程系碩士在職專班(第一校區),碩士在職專班,18,工業領域
111,招生名額,電訊工程系,四技日間部-普高生,4,工業領域
111,招生名額,電訊工程系,四技日間部-技高生,40,工業領域
111,招生名額,電訊工程系,四技進修部,43,工業領域
111,招生名額,電訊工程系碩士在職專班,碩士在職專班,15,工業領域
111,招生名額,電訊工程系碩士班,日間碩士班,15,工業領域
111,招生名額,電腦與通訊工程系,四技日間部-普高生,10,工業領域
111,招生名額,電腦與通訊工程系,四技日間部-技高生,92,工業領域
111,招生名額,電腦與通訊工程系碩士在職專班,碩士在職專班,10,工業領域
111,招生名額,電腦與通訊工程系碩士班,日間碩士班,40,工業領域
111,招生名額,電機工程系,四技日間部-普高生,13,工業領域
111,招生名額,電機工程系,四技日間部-技高生,140,工業領域
111,招生名額,電機工程系,四技進修部,57,工業領域
111,招生名額,電機工程系,進修學院,51,工業領域
111,招生名額,電機工程系博士班,博士班,7,工業領域
111,招生名額,電機工程系智慧自動化系統碩士在職專班,碩士在職專班,10,工業領域
111,招生名額,電機工程系智慧自動化系統碩士班,日間碩士班,19,工業領域
111,招生名額,電機工程系碩士在職專班,碩士在職專班,33,工業領域
111,招生名額,電機工程系碩士班,日間碩士班,62,工業領域
111,招生名額,漁業生產與管理系,四技日間部-普高生,15,農林漁牧領域
111,招生名額,漁業生產與管理系,四技日間部-技高生,40,農林漁牧領域
111,招生名額,漁業生產與管理系碩士在職專班,碩士在職專班,11,農林漁牧領域
111,招生名額,漁業生產與管理系碩士班,日間碩士班,8,農林漁牧領域
111,招生名額,漁業生產與管理科,五專部,30,農林漁牧領域
111,招生名額,管理學院企業管理高階經營管理碩士在職專班,碩士在職專班,20,其他
111,招生名額,管理學院高階主管經營管理碩士在職專班,碩士在職專班,21,其他
111,招生名額,管理學院博士班財金組,博士班,7,其他
111,招生名額,管理學院博士班管理組,博士班,12,其他
111,招生名額,模具工程系,二技日間部,18,工業領域
111,招生名額,模具工程系,四技日間部-普高生,5,工業領域
111,招生名額,模具工程系,四技日間部-技高生,53,工業領域
111,招生名額,模具工程系,四技進修部,47,工業領域
111,招生名額,模具工程系光電模具組,四技日間部-普高生,5,工業領域
111,招生名額,模具工程系光電模具組,四技日間部-技高生,52,工業領域
111,招生名額,模具工程系博士班,博士班,2,工業領域
111,招生名額,模具工程系碩士在職專班,碩士在職專班,20,工業領域
111,招生名額,模具工程系碩士班,日間碩士班,70,工業領域
111,招生名額,模具工程系精微模具組,四技日間部-普高生,5,工業領域
111,招生名額,模具工程系精微模具組,四技日間部-技高生,53,工業領域
111,招生名額,模具工程系應用工程科學碩士在職專班,碩士在職專班,11,工業領域
111,招生名額,模具工程科,五專部,30,工業領域
111,招生名額,輪機工程系,二技日間部,45,農林漁牧領域
111,招生名額,輪機工程系,四技日間部-普高生,17,農林漁牧領域
111,招生名額,輪機工程系,四技日間部-技高生,74,農林漁牧領域
111,招生名額,輪機工程系,四技進修部,57,農林漁牧領域
111,招生名額,輪機工程系碩士在職專班,碩士在職專班,16,農林漁牧領域
111,招生名額,輪機工程系碩士班,日間碩士班,9,農林漁牧領域
111,招生名額,輪機工程科,五專部,50,農林漁牧領域
111,招生名額,機械工程系,四技日間部-普高生,5,工業領域
111,招生名額,機械工程系,四技日間部-技高生,48,工業領域
111,招生名額,機械工程系,四技進修部,67,工業領域
111,招生名額,機械工程系,進修學院,33,工業領域
111,招生名額,機械工程系博士班,博士班,6,工業領域
111,招生名額,機械工程系智能系統與控制組,四技日間部-普高生,4,工業領域
111,招生名額,機械工程系智能系統與控制組,四技日間部-技高生,47,工業領域
111,招生名額,機械工程系微奈米技術組,四技日間部-普高生,4,工業領域
111,招生名額,機械工程系微奈米技術組,四技日間部-技高生,47,工業領域
111,招生名額,機械工程系碩士在職專班,碩士在職專班,32,工業領域
111,招生名額,機械工程系碩士班,日間碩士班,73,工業領域
111,招生名額,機電工程系智慧自動化組,四技日間部-普高生,2,工業領域
111,招生名額,機電工程系智慧自動化組,四技日間部-技高生,49,工業領域
111,招生名額,機電工程系碩士在職專班,碩士在職專班,14,工業領域
111,招生名額,機電工程系碩士班,日間碩士班,39,工業領域
111,招生名額,機電工程系精密機械組,四技日間部-普高生,2,工業領域
111,招生名額,機電工程系精密機械組,四技日間部-技高生,49,工業領域
111,招生名額,應用日語系,二技日間部,31,其他
111,招生名額,應用日語系,四技日間部-技高生,76,其他
111,招生名額,應用日語系碩士在職專班,碩士在職專班,10,其他
111,招生名額,應用日語系碩士班,日間碩士班,10,其他
111,招生名額,應用英語系,二技日間部,34,其他
111,招生名額,應用英語系,四技日間部-技高生,104,其他
111,招生名額,應用英語系,進修學院,54,其他
111,招生名額,應用英語系口筆譯碩士班,日間碩士班,16,其他
111,招生名額,應用英語系應用語言學與英語教學碩士班,日間碩士班,23,其他
111,招生名額,應用德語系,四技日間部-普高生,19,其他
111,招生名額,應用德語系,四技日間部-技高生,36,其他
111,招生名額,應用德語系碩士班,日間碩士班,9,其他
111,招生名額,營建工程系,四技日間部-普高生,6,工業領域
111,招生名額,營建工程系,四技日間部-技高生,106,工業領域
111,招生名額,營建工程系碩士班,日間碩士班,21,工業領域
111,招生名額,營建工程系營建工程與管理碩士在職專班,碩士在職專班,16,工業領域
111,招生名額,環境與安全衛生工程系,四技日間部-普高生,28,工業領域
111,招生名額,環境與安全衛生工程系,四技日間部-技高生,80,工業領域
111,招生名額,環境與安全衛生工程系碩士在職專班,碩士在職專班,45,工業領域
111,招生名額,環境與安全衛生工程系碩士班,日間碩士班,44,工業領域
111,招生名額,觀光管理系,四技日間部-普高生,3,觀光休閒餐旅領域
111,招生名額,觀光管理系,四技日間部-技高生,31,觀光休閒餐旅領域
111,招生名額,觀光管理系,四技進修部,39,觀光休閒餐旅領域
111,招生名額,觀光管理系,進修學院,29,觀光休閒餐旅領域
111,招生名額,觀光管理系觀光與餐旅管理碩士在職專班,碩士在職專班,32,觀光休閒餐旅領域
111,招生名額,觀光管理系觀光與餐旅管理碩士班,日間碩士班,13,觀光休閒餐旅領域
110,招生名額,人力資源發展系,四技日間部-技高生,52,其他
110,招生名額,人力資源發展系碩士在職專班,碩士在職專班,29,其他
110,招生名額,人力資源發展系碩士班,日間碩士班,21,其他
110,招生名額,土木工程系,二技進修部,35,工業領域
110,招生名額,土木工程系,四技日間部-普高生,31,工業領域
110,招生名額,土木工程系,四技日間部-技高生,108,工業領域
110,招生名額,土木工程系,進修學院,44,工業領域
110,招生名額,土木工程系土木工程科技博士班,博士班,2,工業領域
110,招生名額,土木工程系土木工程與防災科技碩士在職專班,碩士在職專班,41,工業領域
110,招生名額,土木工程系碩士班,日間碩士班,43,工業領域
110,招生名額,土木工程科,五專部,30,工業領域
110,招生名額,工業工程與管理系,二技日間部,21,其他
110,招生名額,工業工程與管理系,四技日間部-技高生,53,其他
110,招生名額,工業工程與管理系,四技進修部,32,其他
110,招生名額,工業工程與管理系,進修學院,48,其他
110,招生名額,工業工程與管理系博士班,博士班,4,其他
110,招生名額,工業工程與管理系碩士在職專班,碩士在職專班,55,其他
110,招生名額,工業工程與管理系碩士班,日間碩士班,27,其他
110,招生名額,工業設計系,四技日間部-普高生,10,工業領域
110,招生名額,工業設計系,四技日間部-技高生,30,工業領域
110,招生名額,工業設計系碩士班,日間碩士班,14,工業領域
110,招生名額,工學院工程科技博士班,博士班,12,工業領域
110,招生名額,化學工程與材料工程系,四技日間部-普高生,27,工業領域
110,招生名額,化學工程與材料工程系,四技日間部-技高生,101,工業領域
110,招生名額,化學工程與材料工程系,四技進修部,46,工業領域
110,招生名額,化學工程與材料工程系博士班,博士班,2,工業領域
110,招生名額,化學工程與材料工程系碩士在職專班,碩士在職專班,33,工業領域
110,招生名額,化學工程與材料工程系碩士班,日間碩士班,47,工業領域
110,招生名額,文化創意產業系,四技日間部-技高生,48,其他
110,招生名額,文化創意產業系碩士在職專班,碩士在職專班,15,其他
110,招生名額,文化創意產業系碩士班,日間碩士班,16,其他
110,招生名額,水圈學院水產科技產業博士班,博士班,3,農林漁牧領域
110,招生名額,水產食品科學系,四技日間部-普高生,9,農林漁牧領域
110,招生名額,水產食品科學系,四技日間部-技高生,94,農林漁牧領域
110,招生名額,水產食品科學系,四技進修部,55,農林漁牧領域
110,招生名額,水產食品科學系碩士在職專班,碩士在職專班,15,農林漁牧領域
110,招生名額,水產食品科學系碩士班,日間碩士班,20,農林漁牧領域
110,招生名額,水產養殖系,四技日間部-普高生,15,農林漁牧領域
110,招生名額,水產養殖系,四技日間部-技高生,85,農林漁牧領域
110,招生名額,水產養殖系,四技進修部,55,農林漁牧領域
110,招生名額,水產養殖系碩士班,日間碩士班,11,農林漁牧領域
110,招生名額,半導體工程系,四技日間部-普高生,4,工業領域
110,招生名額,半導體工程系,四技日間部-技高生,50,工業領域
110,招生名額,半導體工程系,四技進修部,50,工業領域
110,招生名額,半導體工程系碩士在職專班,碩士在職專班,10,工業領域
110,招生名額,半導體工程系碩士班,日間碩士班,14,工業領域
110,招生名額,企業管理系,四技日間部-技高生,46,其他
110,招生名額,企業管理系,四技進修部,47,其他
110,招生名額,企業管理系,進修學院,50,其他
110,招生名額,企業管理系碩士在職專班,碩士在職專班,30,其他
110,招生名額,企業管理系碩士班,日間碩士班,18,其他
110,招生名額,光電工程研究所,日間碩士班,35,工業領域
110,招生名額,行銷與流通管理系,四技日間部-技高生,98,其他
110,招生名額,行銷與流通管理系連鎖加盟管理碩士班,日間碩士班,13,其他
110,招生名額,行銷與流通管理系碩士在職專班,碩士在職專班,26,其他
110,招生名額,行銷與流通管理系碩士班,日間碩士班,34,其他
110,招生名額,供應鏈管理系,四技日間部-技高生,52,其他
110,招生名額,供應鏈管理系,四技進修部,43,其他
110,招生名額,供應鏈管理系碩士在職專班,碩士在職專班,6,其他
110,招生名額,供應鏈管理系碩士班,日間碩士班,11,其他
110,招生名額,金融系,四技日間部-技高生,94,其他
110,招生名額,金融系,四技進修部,48,其他
110,招生名額,金融系碩士在職專班,碩士在職專班,32,其他
110,招生名額,金融系碩士班,日間碩士班,32,其他
110,招生名額,金融資訊系,四技日間部-普高生,3,其他
110,招生名額,金融資訊系,四技日間部-技高生,42,其他
110,招生名額,金融資訊系,四技進修部,54,其他
110,招生名額,金融資訊系碩士在職專班,碩士在職專班,35,其他
110,招生名額,金融資訊系碩士班,日間碩士班,21,其他
110,招生名額,科技法律研究所,日間碩士班,24,其他
110,招生名額,科技法律研究所,碩士在職專班,27,其他
110,招生名額,風險管理與保險系,四技日間部-技高生,53,其他
110,招生名額,風險管理與保險系碩士在職專班,碩士在職專班,21,其他
110,招生名額,風險管理與保險系碩士班,日間碩士班,19,其他
110,招生名額,海事風電工程碩士學位學程,日間碩士班,8,工業領域
110,招生名額,海事資訊科技系,四技日間部-普高生,6,農林漁牧領域
110,招生名額,海事資訊科技系,四技日間部-技高生,41,農林漁牧領域
110,招生名額,海事資訊科技系碩士在職專班,碩士在職專班,12,農林漁牧領域
110,招生名額,海事資訊科技系碩士班,日間碩士班,9,農林漁牧領域
110,招生名額,海事學院海事科技產學合作博士班,博士班,5,農林漁牧領域
110,招生名額,海洋生物技術系,四技日間部-普高生,8,農林漁牧領域
110,招生名額,海洋生物技術系,四技日間部-技高生,47,農林漁牧領域
110,招生名額,海洋生物技術系碩士班,日間碩士班,11,農林漁牧領域
110,招生名額,海洋休閒管理系,四技日間部-普高生,3,觀光休閒餐旅領域
110,招生名額,海洋休閒管理系,四技日間部-技高生,41,觀光休閒餐旅領域
110,招生名額,海洋休閒管理系,四技進修部,37,觀光休閒餐旅領域
110,招生名額,海洋休閒管理系碩士班,日間碩士班,6,觀光休閒餐旅領域
110,招生名額,海洋事務與產業管理研究所,日間碩士班,13,農林漁牧領域
110,招生名額,海洋環境工程系,四技日間部-普高生,4,工業領域
110,招生名額,海洋環境工程系,四技日間部-技高生,50,工業領域
110,招生名額,海洋環境工程系,四技進修部,54,工業領域
110,招生名額,海洋環境工程系碩士班,日間碩士班,16,工業領域
110,招生名額,航海科,五專部,50,農林漁牧領域
110,招生名額,航運技術系,二技日間部,45,農林漁牧領域
110,招生名額,航運技術系,四技日間部-普高生,16,農林漁牧領域
110,招生名額,航運技術系,四技日間部-技高生,36,農林漁牧領域
110,招生名額,航運技術系碩士在職專班,碩士在職專班,8,農林漁牧領域
110,招生名額,航運技術系碩士班,日間碩士班,10,農林漁牧領域
110,招生名額,航運管理系,四技日間部-普高生,6,其他
110,招生名額,航運管理系,四技日間部-技高生,84,其他
110,招生名額,航運管理系,四技進修部,30,其他
110,招生名額,航運管理系博士班,博士班,3,其他
110,招生名額,航運管理系碩士在職專班,碩士在職專班,19,其他
110,招生名額,航運管理系碩士班,日間碩士班,16,其他
110,招生名額,財政稅務系,二技進修部,20,其他
110,招生名額,財政稅務系,四技日間部-普高生,5,其他
110,招生名額,財政稅務系,四技日間部-技高生,50,其他
110,招生名額,財政稅務系,四技進修部,35,其他
110,招生名額,財政稅務系碩士在職專班,碩士在職專班,45,其他
110,招生名額,財政稅務系碩士班,日間碩士班,20,其他
110,招生名額,財務管理系,四技日間部-普高生,6,其他
110,招生名額,財務管理系,四技日間部-技高生,39,其他
110,招生名額,財務管理系碩士在職專班,碩士在職專班,26,其他
110,招生名額,財務管理系碩士班,日間碩士班,28,其他
110,招生名額,高瞻科技不分系學士學位學程,四技日間部-普高生,14,工業領域
110,招生名額,高瞻科技不分系學士學位學程,四技日間部-技高生,16,工業領域
110,招生名額,商務資訊應用系,四技日間部-普高生,1,其他
110,招生名額,商務資訊應用系,四技日間部-技高生,90,其他
110,招生名額,商務資訊應用系碩士班,日間碩士班,6,其他
110,招生名額,商業智慧學院博士班,博士班,6,其他
110,招生名額,國際企業系,四技日間部-技高生,46,其他
110,招生名額,國際企業系,四技進修部,53,其他
110,招生名額,國際企業系,進修學院,29,其他
110,招生名額,國際企業系博士班,博士班,4,其他
110,招生名額,國際企業系碩士在職專班,碩士在職專班,28,其他
110,招生名額,國際企業系碩士班,日間碩士班,20,其他
110,招生名額,國際管理碩士學位學程,日間碩士班,10,其他
110,招生名額,造船及海洋工程系,四技日間部-普高生,10,農林漁牧領域
110,招生名額,造船及海洋工程系,四技日間部-技高生,100,農林漁牧領域
110,招生名額,造船及海洋工程系,四技進修部,40,農林漁牧領域
110,招生名額,造船及海洋工程系碩士在職專班,碩士在職專班,12,農林漁牧領域
110,招生名額,造船及海洋工程系碩士班,日間碩士班,12,農林漁牧領域
110,招生名額,創業管理碩士學位學程,日間碩士班,12,其他
110,招生名額,智慧商務系,四技日間部-普高生,1,其他
110,招生名額,智慧商務系,四技日間部-技高生,80,其他
110,招生名額,智慧商務系碩士在職專班,碩士在職專班,34,其他
110,招生名額,智慧商務系碩士班,日間碩士班,29,其他
110,招生名額,會計資訊系,四技日間部-普高生,2,其他
110,招生名額,會計資訊系,四技日間部-技高生,90,其他
110,招生名額,會計資訊系,四技進修部,42,其他
110,招生名額,會計資訊系,進修學院,42,其他
110,招生名額,會計資訊系碩士在職專班,碩士在職專班,27,其他
110,招生名額,會計資訊系碩士班,日間碩士班,35,其他
110,招生名額,資訊工程系,四技日間部-普高生,4,工業領域
110,招生名額,資訊工程系,四技日間部-技高生,47,工業領域
110,招生名額,資訊工程系碩士在職專班,碩士在職專班,16,工業領域
110,招生名額,資訊工程系碩士班,日間碩士班,15,工業領域
110,招生名額,資訊管理系,四技日間部-普高生,1,其他
110,招生名額,資訊管理系,四技日間部-技高生,85,其他
110,招生名額,資訊管理系電子商務碩士班,日間碩士班,21,其他
110,招生名額,資訊管理系碩士在職專班,碩士在職專班,19,其他
110,招生名額,資訊管理系碩士班,日間碩士班,26,其他
110,招生名額,運籌管理系,四技日間部-普高生,8,其他
110,招生名額,運籌管理系,四技日間部-技高生,82,其他
110,招生名額,運籌管理系商務經營管理碩士在職專班,碩士在職專班,18,其他
110,招生名額,運籌管理系商務經營管理碩士班,日間碩士班,15,其他
110,招生名額,運籌管理系碩士在職專班,碩士在職專班,18,其他
110,招生名額,運籌管理系碩士班,日間碩士班,21,其他
110,招生名額,電子工程系(建工校區),四技進修部,67,工業領域
110,招生名額,電子工程系(第一校區),四技日間部-普高生,19,工業領域
110,招生名額,電子工程系(第一校區),四技日間部-技高生,52,工業領域
110,招生名額,電子工程系博士班(建工校區),博士班,16,工業領域
110,招生名額,電子工程系資訊組,四技日間部-普高生,6,工業領域
110,招生名額,電子工程系資訊組,四技日間部-技高生,41,工業領域
110,招生名額,電子工程系電子組,四技日間部-普高生,5,工業領域
110,招生名額,電子工程系電子組,四技日間部-技高生,41,工業領域
110,招生名額,電子工程系電信與系統組,四技日間部-普高生,6,工業領域
110,招生名額,電子工程系電信與系統組,四技日間部-技高生,41,工業領域
110,招生名額,電子工程系碩士在職專班(建工校區),碩士在職專班,27,工業領域
110,招生名額,電子工程系碩士在職專班(第一校區),碩士在職專班,18,工業領域
110,招生名額,電子工程系碩士班(建工校區),日間碩士班,63,工業領域
110,招生名額,電子工程系碩士班(第一校區),日間碩士班,30,工業領域
110,招生名額,電訊工程系,四技日間部-普高生,4,工業領域
110,招生名額,電訊工程系,四技日間部-技高生,40,工業領域
110,招生名額,電訊工程系,四技進修部,92,工業領域
110,招生名額,電訊工程系碩士班,日間碩士班,15,工業領域
110,招生名額,電腦與通訊工程系,四技日間部-普高生,10,工業領域
110,招生名額,電腦與通訊工程系,四技日間部-技高生,92,工業領域
110,招生名額,電腦與通訊工程系碩士在職專班,碩士在職專班,13,工業領域
110,招生名額,電腦與通訊工程系碩士班,日間碩士班,40,工業領域
110,招生名額,電機工程系,四技日間部-普高生,13,工業領域
110,招生名額,電機工程系,四技日間部-技高生,140,工業領域
110,招生名額,電機工程系,四技進修部,55,工業領域
110,招生名額,電機工程系,進修學院,51,工業領域
110,招生名額,電機工程系博士班,博士班,7,工業領域
110,招生名額,電機工程系智慧自動化系統碩士在職專班,碩士在職專班,10,工業領域
110,招生名額,電機工程系智慧自動化系統碩士班,日間碩士班,19,工業領域
110,招生名額,電機工程系碩士在職專班,碩士在職專班,33,工業領域
110,招生名額,電機工程系碩士班,日間碩士班,62,工業領域
110,招生名額,漁業生產與管理系,四技日間部-普高生,15,農林漁牧領域
110,招生名額,漁業生產與管理系,四技日間部-技高生,40,農林漁牧領域
110,招生名額,漁業生產與管理系碩士在職專班,碩士在職專班,11,農林漁牧領域
110,招生名額,漁業生產與管理系碩士班,日間碩士班,8,農林漁牧領域
110,招生名額,漁業生產與管理科,五專部,30,農林漁牧領域
110,招生名額,管理學院企業管理高階經營管理碩士在職專班,碩士在職專班,20,其他
110,招生名額,管理學院高階主管經營管理碩士在職專班,碩士在職專班,21,其他
110,招生名額,管理學院博士班財金組,博士班,10,其他
110,招生名額,管理學院博士班管理組,博士班,9,其他
110,招生名額,模具工程系,二技日間部,18,工業領域
110,招生名額,模具工程系,四技日間部-普高生,5,工業領域
110,招生名額,模具工程系,四技日間部-技高生,53,工業領域
110,招生名額,模具工程系,四技進修部,47,工業領域
110,招生名額,模具工程系光電模具組,四技日間部-普高生,5,工業領域
110,招生名額,模具工程系光電模具組,四技日間部-技高生,52,工業領域
110,招生名額,模具工程系博士班,博士班,2,工業領域
110,招生名額,模具工程系碩士在職專班,碩士在職專班,20,工業領域
110,招生名額,模具工程系碩士班,日間碩士班,70,工業領域
110,招生名額,模具工程系精微模具組,四技日間部-普高生,5,工業領域
110,招生名額,模具工程系精微模具組,四技日間部-技高生,53,工業領域
110,招生名額,模具工程系應用工程科學碩士在職專班,碩士在職專班,11,工業領域
110,招生名額,模具工程科,五專部,30,工業領域
110,招生名額,輪機工程系,二技日間部,45,農林漁牧領域
110,招生名額,輪機工程系,四技日間部-普高生,17,農林漁牧領域
110,招生名額,輪機工程系,四技日間部-技高生,74,農林漁牧領域
110,招生名額,輪機工程系,四技進修部,57,農林漁牧領域
110,招生名額,輪機工程系碩士在職專班,碩士在職專班,16,農林漁牧領域
110,招生名額,輪機工程系碩士班,日間碩士班,9,農林漁牧領域
110,招生名額,輪機工程科,五專部,50,農林漁牧領域
110,招生名額,機械工程系,四技日間部-普高生,5,工業領域
110,招生名額,機械工程系,四技日間部-技高生,48,工業領域
110,招生名額,機械工程系,四技進修部,65,工業領域
110,招生名額,機械工程系,進修學院,33,工業領域
110,招生名額,機械工程系博士班,博士班,6,工業領域
110,招生名額,機械工程系智能系統與控制組,四技日間部-普高生,4,工業領域
110,招生名額,機械工程系智能系統與控制組,四技日間部-技高生,47,工業領域
110,招生名額,機械工程系微奈米技術組,四技日間部-普高生,4,工業領域
110,招生名額,機械工程系微奈米技術組,四技日間部-技高生,47,工業領域
110,招生名額,機械工程系碩士在職專班,碩士在職專班,32,工業領域
110,招生名額,機械工程系碩士班,日間碩士班,73,工業領域
110,招生名額,機電工程系智慧自動化組,四技日間部-技高生,54,工業領域
110,招生名額,機電工程系碩士在職專班,碩士在職專班,17,工業領域
110,招生名額,機電工程系碩士班,日間碩士班,39,工業領域
110,招生名額,機電工程系精密機械組,四技日間部-技高生,54,工業領域
110,招生名額,應用日語系,二技日間部,31,其他
110,招生名額,應用日語系,四技日間部-技高生,78,其他
110,招生名額,應用日語系碩士在職專班,碩士在職專班,10,其他
110,招生名額,應用日語系碩士班,日間碩士班,11,其他
110,招生名額,應用英語系,二技日間部,34,其他
110,招生名額,應用英語系,四技日間部-技高生,109,其他
110,招生名額,應用英語系,進修學院,54,其他
110,招生名額,應用英語系口筆譯碩士班,日間碩士班,15,其他
110,招生名額,應用英語系應用語言學與英語教學碩士班,日間碩士班,22,其他
110,招生名額,應用德語系,四技日間部-普高生,20,其他
110,招生名額,應用德語系,四技日間部-技高生,36,其他
110,招生名額,應用德語系碩士班,日間碩士班,9,其他
110,招生名額,營建工程系,四技日間部-普高生,6,工業領域
110,招生名額,營建工程系,四技日間部-技高生,106,工業領域
110,招生名額,營建工程系碩士班,日間碩士班,21,工業領域
110,招生名額,營建工程系營建工程與管理碩士在職專班,碩士在職專班,16,工業領域
110,招生名額,環境與安全衛生工程系,四技日間部-普高生,28,工業領域
110,招生名額,環境與安全衛生工程系,四技日間部-技高生,80,工業領域
110,招生名額,環境與安全衛生工程系消防與防災工程碩士在職專班,碩士在職專班,9,工業領域
110,招生名額,環境與安全衛生工程系碩士在職專班,碩士在職專班,31,工業領域
110,招生名額,環境與安全衛生工程系碩士班,日間碩士班,39,工業領域
110,招生名額,觀光管理系,四技日間部-普高生,3,觀光休閒餐旅領域
110,招生名額,觀光管理系,四技日間部-技高生,31,觀光休閒餐旅領域
110,招生名額,觀光管理系,四技進修部,43,觀光休閒餐旅領域
110,招生名額,觀光管理系,進修學院,29,觀光休閒餐旅領域
110,招生名額,觀光管理系觀光與餐旅管理碩士在職專班,碩士在職專班,32,觀光休閒餐旅領域
110,招生名額,觀光管理系觀光與餐旅管理碩士班,日間碩士班,13,觀光休閒餐旅領域
115,擴充名額,化學工程與材料工程系博士班,博士班,1,
115,擴充名額,化學工程與材料工程系碩士在職專班,碩士在職專班,5,
115,擴充名額,化學工程與材料工程系碩士班,日間碩士班,10,
115,擴充名額,半導體工程系,四技日間部-技高生,28,
115,擴充名額,半導體工程系碩士在職專班,碩士在職專班,8,
115,擴充名額,半導體工程系碩士班,日間碩士班,18,
115,擴充名額,光電工程研究所,日間碩士班,14,
115,擴充名額,海事資訊科技系,四技日間部-技高生,1,
115,擴充名額,海事資訊科技系碩士班,日間碩士班,3,
115,擴充名額,商務資訊應用系,四技日間部-技高生,3,
115,擴充名額,商務資訊應用系碩士班,日間碩士班,2,
115,擴充名額,資訊工程系,四技日間部-普高生,1,
115,擴充名額,資訊工程系碩士在職專班,碩士在職專班,4,
115,擴充名額,資訊工程系碩士班,日間碩士班,6,
115,擴充名額,資訊管理系,四技日間部-普高生,1,
115,擴充名額,資訊管理系博士班,博士班,1,
115,擴充名額,資訊管理系電子商務碩士班,日間碩士班,3,
115,擴充名額,資訊管理系碩士在職專班,碩士在職專班,10,
115,擴充名額,資訊管理系碩士班,日間碩士班,3,
115,擴充名額,電子工程系博士班(建工校區),博士班,5,
115,擴充名額,電子工程系資訊與數位IC設計組(建工校區),四技日間部-技高生,1,
115,擴充名額,電子工程系電子組(建工校區),四技日間部-技高生,1,
115,擴充名額,電子工程系電信與系統組(建工校區),四技日間部-技高生,1,
115,擴充名額,電子工程系電信與系統組(建工校區),四技日間部-普高生,1,
115,擴充名額,電子工程系碩士在職專班(建工校區),碩士在職專班,7,
115,擴充名額,電子工程系碩士在職專班(第一校區),碩士在職專班,9,
115,擴充名額,電子工程系碩士班(建工校區),日間碩士班,23,
115,擴充名額,電子工程系碩士班(第一校區),日間碩士班,8,
115,擴充名額,電訊工程系,四技日間部-普高生,1,
115,擴充名額,電訊工程系碩士在職專班,碩士在職專班,13,
115,擴充名額,電訊工程系碩士班,日間碩士班,10,
115,擴充名額,電腦與通訊工程系,四技日間部-技高生,5,
115,擴充名額,電腦與通訊工程系碩士在職專班,碩士在職專班,4,
115,擴充名額,電腦與通訊工程系碩士班,日間碩士班,12,
115,擴充名額,電機工程系博士班,博士班,1,
115,擴充名額,電機工程系智慧自動化系統碩士在職專班,碩士在職專班,3,
115,擴充名額,電機工程系智慧自動化系統碩士班,日間碩士班,5,
115,擴充名額,電機工程系碩士在職專班,碩士在職專班,8,
115,擴充名額,電機工程系碩士班,日間碩士班,16,
115,擴充名額,模具工程系,二技日間部,1,
115,擴充名額,模具工程系博士班,博士班,1,
115,擴充名額,模具工程系碩士班,日間碩士班,5,
115,擴充名額,輪機工程系,四技日間部-普高生,1,
115,擴充名額,輪機工程系,二技日間部,1,
115,擴充名額,輪機工程系碩士在職專班,碩士在職專班,3,
115,擴充名額,輪機工程系碩士班,日間碩士班,3,
115,擴充名額,機械工程系博士班,博士班,1,
115,擴充名額,機械工程系碩士在職專班,碩士在職專班,3,
115,擴充名額,機械工程系碩士班,日間碩士班,5,
115,擴充名額,機電工程系博士班,博士班,1,
115,擴充名額,機電工程系碩士在職專班,碩士在職專班,3,
115,擴充名額,機電工程系碩士班,日間碩士班,12,
115,外加名額,資訊工程系碩士班,日間碩士班,7,
115,外加名額,電子工程系碩士班(建工校區),日間碩士班,7,
115,外加名額,電子工程系碩士在職專班(建工校區),碩士在職專班,7,
115,外加名額,電機工程系碩士在職專班,碩士在職專班,7,
114,擴充名額,工業工程與管理系博士班,博士班,1,
114,擴充名額,化學工程與材料工程系博士班,博士班,1,
114,擴充名額,資訊管理系博士班,博士班,1,
114,擴充名額,電子工程系博士班(建工校區),博士班,4,
114,擴充名額,電機工程系博士班,博士班,2,
114,擴充名額,機械工程系博士班,博士班,2,
114,擴充名額,工業工程與管理系碩士班,日間碩士班,7,
114,擴充名額,化學工程與材料工程系碩士班,日間碩士班,8,
114,擴充名額,半導體工程系碩士班,日間碩士班,14,
114,擴充名額,光電工程研究所,日間碩士班,33,
114,擴充名額,智慧商務系碩士班,日間碩士班,6,
114,擴充名額,資訊工程系碩士班,日間碩士班,6,
114,擴充名額,資訊管理系電子商務碩士班,日間碩士班,3,
114,擴充名額,資訊管理系碩士班,日間碩士班,3,
114,擴充名額,電子工程系碩士班(建工校區),日間碩士班,18,
114,擴充名額,電子工程系碩士班(第一校區),日間碩士班,8,
114,擴充名額,電訊工程系碩士班,日間碩士班,3,
114,擴充名額,電腦與通訊工程系碩士班,日間碩士班,10,
114,擴充名額,電機工程系智慧自動化系統碩士班,日間碩士班,4,
114,擴充名額,電機工程系碩士班,日間碩士班,16,
114,擴充名額,輪機工程系碩士班,日間碩士班,3,
114,擴充名額,機械工程系碩士班,日間碩士班,3,
114,擴充名額,機電工程系碩士班,日間碩士班,3,
114,擴充名額,半導體工程系碩士在職專班,碩士在職專班,16,
114,擴充名額,資訊工程系碩士在職專班,碩士在職專班,4,
114,擴充名額,資訊管理系碩士在職專班,碩士在職專班,10,
114,擴充名額,電子工程系碩士在職專班(建工校區),碩士在職專班,5,
114,擴充名額,電子工程系碩士在職專班(第一校區),碩士在職專班,8,
114,擴充名額,電訊工程系碩士在職專班,碩士在職專班,15,
114,擴充名額,電腦與通訊工程系碩士在職專班,碩士在職專班,4,
114,擴充名額,電機工程系智慧自動化系統碩士在職專班,碩士在職專班,2,
114,擴充名額,電機工程系碩士在職專班,碩士在職專班,12,
114,擴充名額,機械工程系碩士在職專班,碩士在職專班,2,
114,擴充名額,化學工程與材料工程系,四技日間部-技高生,2,
114,擴充名額,半導體工程系,四技日間部-技高生,28,
114,擴充名額,高瞻科技不分系學士學位學程,四技日間部-技高生,1,
114,擴充名額,商務資訊應用系,四技日間部-技高生,3,
114,擴充名額,電子工程系資訊與數位IC設計組(建工校區),四技日間部-技高生,1,
114,擴充名額,電子工程系電子組(建工校區),四技日間部-技高生,1,
114,擴充名額,電子工程系電信與系統組(建工校區),四技日間部-技高生,1,
114,擴充名額,電腦與通訊工程系,四技日間部-技高生,2,
114,擴充名額,輪機工程系,二技日間部,2,
114,擴充名額,工業工程與管理系,二技進修部,2,
114,擴充名額,機械工程系,二技進修部,1,
114,外加名額,資訊工程系碩士班,日間碩士班,7,
114,外加名額,電子工程系碩士班(建工校區),日間碩士班,7,
114,外加名額,電子工程系碩士在職專班(建工校區),碩士在職專班,7,
114,外加名額,電機工程系碩士在職專班,碩士在職專班,7,
113,擴充名額,工業工程與管理系博士班,博士班,2,
113,擴充名額,化學工程與材料工程系博士班,博士班,3,
113,擴充名額,電機工程系博士班,博士班,2,
113,擴充名額,機電工程系博士班,博士班,1,
113,擴充名額,工業工程與管理系碩士班,日間碩士班,5,
113,擴充名額,化學工程與材料工程系碩士班,日間碩士班,15,
113,擴充名額,半導體工程系碩士班,日間碩士班,10,
113,擴充名額,光電工程研究所,日間碩士班,15,
113,擴充名額,商務資訊應用系碩士班,日間碩士班,2,
113,擴充名額,智慧商務系碩士班,日間碩士班,2,
113,擴充名額,資訊工程系碩士班,日間碩士班,4,
113,擴充名額,資訊管理系電子商務碩士班,日間碩士班,3,
113,擴充名額,資訊管理系碩士班,日間碩士班,3,
113,擴充名額,電子工程系碩士班(建工校區),日間碩士班,6,
113,擴充名額,電子工程系碩士班(第一校區),日間碩士班,6,
113,擴充名額,電訊工程系碩士班,日間碩士班,8,
113,擴充名額,電腦與通訊工程系碩士班,日間碩士班,12,
113,擴充名額,電機工程系智慧自動化系統碩士班,日間碩士班,5,
113,擴充名額,電機工程系碩士班,日間碩士班,12,
113,擴充名額,輪機工程系碩士班,日間碩士班,2,
113,擴充名額,機電工程系碩士班,日間碩士班,15,
113,擴充名額,工業工程與管理系碩士在職專班,碩士在職專班,7,
113,擴充名額,化學工程與材料工程系碩士在職專班,碩士在職專班,9,
113,擴充名額,半導體工程系碩士在職專班,碩士在職專班,10,
113,擴充名額,資訊管理系碩士在職專班,碩士在職專班,10,
113,擴充名額,電子工程系碩士在職專班(建工校區),碩士在職專班,4,
113,擴充名額,電子工程系碩士在職專班(第一校區),碩士在職專班,2,
113,擴充名額,電訊工程系碩士在職專班,碩士在職專班,15,
113,擴充名額,電腦與通訊工程系碩士在職專班,碩士在職專班,5,
113,擴充名額,電機工程系智慧自動化系統碩士在職專班,碩士在職專班,3,
113,擴充名額,機電工程系碩士在職專班,碩士在職專班,3,
113,擴充名額,半導體工程系,四技日間部-技高生,35,
113,擴充名額,高瞻科技不分系學士學位學程,四技日間部-技高生,2,
113,擴充名額,商務資訊應用系,四技日間部-技高生,6,
113,擴充名額,智慧商務系,四技日間部-技高生,4,
113,擴充名額,電子工程系(第一校區),四技日間部-技高生,2,
113,擴充名額,電子工程系資訊組,四技日間部-技高生,2,
113,擴充名額,電子工程系電子組,四技日間部-技高生,2,
113,擴充名額,電子工程系電信與系統組,四技日間部-技高生,2,
113,擴充名額,電腦與通訊工程系,四技日間部-技高生,2,
113,擴充名額,輪機工程系,二技日間部,3,
113,擴充名額,工業工程與管理系,二技進修部,1,
113,擴充名額,電機工程系,二技進修部,3,
113,外加名額,資訊工程系碩士班,日間碩士班,7,
113,外加名額,電子工程系碩士班(建工校區),日間碩士班,7,
113,外加名額,電子工程系碩士在職專班(建工校區),碩士在職專班,7,
113,外加名額,電機工程系碩士在職專班,碩士在職專班,7,
112,擴充名額,化學工程與材料工程系博士班,博士班,1,
112,擴充名額,電子工程系博士班(建工校區),博士班,3,
112,擴充名額,電機工程系博士班,博士班,2,
112,擴充名額,機械工程系博士班,博士班,1,
112,擴充名額,化學工程與材料工程系碩士班,日間碩士班,10,
112,擴充名額,模具工程系碩士班,日間碩士班,14,
112,擴充名額,機械工程系碩士班,日間碩士班,3,
112,擴充名額,機電工程系碩士班,日間碩士班,13,
112,擴充名額,海事資訊科技系碩士班,日間碩士班,3,
112,擴充名額,電訊工程系碩士班,日間碩士班,5,
112,擴充名額,商務資訊應用系碩士班,日間碩士班,2,
112,擴充名額,半導體工程系碩士班,日間碩士班,5,
112,擴充名額,光電工程研究所,日間碩士班,10,
112,擴充名額,資訊工程系碩士班,日間碩士班,3,
112,擴充名額,電子工程系碩士班(第一校區),日間碩士班,6,
112,擴充名額,電子工程系碩士班(建工校區),日間碩士班,17,
112,擴充名額,電腦與通訊工程系碩士班,日間碩士班,8,
112,擴充名額,電機工程系碩士班,日間碩士班,19,
112,擴充名額,電機工程系智慧自動化系統碩士班,日間碩士班,5,
112,擴充名額,電機工程系智慧自動化系統碩士在職專班,碩士在職專班,2,
112,擴充名額,電訊工程系碩士在職專班,碩士在職專班,10,
112,擴充名額,化學工程與材料工程系碩士在職專班,碩士在職專班,4,
112,擴充名額,半導體工程系碩士在職專班,碩士在職專班,7,
112,擴充名額,資訊管理系碩士在職專班,碩士在職專班,4,
112,擴充名額,電子工程系碩士在職專班(建工校區),碩士在職專班,8,
112,擴充名額,電機工程系碩士在職專班,碩士在職專班,10,
112,擴充名額,模具工程系碩士在職專班,碩士在職專班,1,
112,擴充名額,機械工程系碩士在職專班,碩士在職專班,2,
112,擴充名額,機電工程系碩士在職專班,碩士在職專班,6,
112,擴充名額,模具工程系,四技日間部-技高生,4,
112,擴充名額,模具工程系光電模具組,四技日間部-技高生,4,
112,擴充名額,模具工程系精微模具組,四技日間部-技高生,4,
112,擴充名額,機械工程系,四技日間部-技高生,3,
112,擴充名額,機械工程系智能系統與控制組,四技日間部-技高生,3,
112,擴充名額,機械工程系微奈米技術組,四技日間部-技高生,3,
112,擴充名額,機電工程系智慧自動化組,四技日間部-技高生,5,
112,擴充名額,機電工程系精密機械組,四技日間部-技高生,5,
112,擴充名額,海事資訊科技系,四技日間部-技高生,4,
112,擴充名額,電訊工程系,四技日間部-技高生,8,
112,擴充名額,商務資訊應用系,四技日間部-技高生,9,
112,擴充名額,智慧商務系,四技日間部-技高生,8,
112,擴充名額,半導體工程系,四技日間部-技高生,35,
112,擴充名額,電子工程系(第一校區),四技日間部-技高生,5,
112,擴充名額,電子工程系資訊組,四技日間部-技高生,4,
112,擴充名額,電子工程系電子組,四技日間部-技高生,4,
112,擴充名額,電子工程系電信與系統組,四技日間部-技高生,4,
112,擴充名額,電腦與通訊工程系,四技日間部-技高生,9,
112,擴充名額,電機工程系,四技日間部-技高生,8,
112,擴充名額,化學工程與材料工程系,四技進修部,4,
112,擴充名額,模具工程系,四技進修部,4,
112,擴充名額,機械工程系,四技進修部,6,
112,擴充名額,電訊工程系,四技進修部,7,
112,擴充名額,半導體工程系,四技進修部,2,
112,擴充名額,電機工程系,四技進修部,6,
112,擴充名額,電子工程系(建工校區),四技進修部,8,
112,擴充名額,機械工程系,二技進修部,3,
112,擴充名額,電機工程系,二技進修部,5,
112,外加名額,資訊工程系碩士班,日間碩士班,7,
112,外加名額,電子工程系碩士班(建工校區),日間碩士班,7,
112,外加名額,電子工程系碩士在職專班(建工校區),碩士在職專班,7,
112,外加名額,電機工程系碩士在職專班,碩士在職專班,7,
111,擴充名額,化學工程與材料工程系,四技進修部,7,
111,擴充名額,化學工程與材料工程系,四技日間部-技高生,1,
111,擴充名額,化學工程與材料工程系博士班,博士班,1,
111,擴充名額,化學工程與材料工程系碩士在職專班,碩士在職專班,7,
111,擴充名額,化學工程與材料工程系碩士班,日間碩士班,10,
111,擴充名額,半導體工程系,四技日間部-技高生,50,
111,擴充名額,半導體工程系碩士在職專班,碩士在職專班,7,
111,擴充名額,半導體工程系碩士班,日間碩士班,3,
111,擴充名額,光電工程研究所,日間碩士班,8,
111,擴充名額,海事資訊科技系,四技日間部-技高生,4,
111,擴充名額,海事資訊科技系碩士班,日間碩士班,3,
111,擴充名額,商務資訊應用系,四技日間部-技高生,9,
111,擴充名額,商務資訊應用系碩士班,日間碩士班,4,
111,擴充名額,電子工程系(第一校區),四技日間部-技高生,5,
111,擴充名額,電子工程系碩士班(第一校區),日間碩士班,6,
111,擴充名額,電訊工程系,四技進修部,7,
111,擴充名額,電訊工程系碩士在職專班,碩士在職專班,4,
111,擴充名額,電訊工程系碩士班,日間碩士班,4,
111,擴充名額,電腦與通訊工程系,四技日間部-技高生,9,
111,擴充名額,電腦與通訊工程系碩士在職專班,碩士在職專班,3,
111,擴充名額,電腦與通訊工程系碩士班,日間碩士班,9,
111,擴充名額,電機工程系,四技進修部,4,
111,擴充名額,電機工程系,進修學院,8,
111,擴充名額,電機工程系,四技日間部-技高生,8,
111,擴充名額,電機工程系博士班,博士班,1,
111,擴充名額,電機工程系智慧自動化系統碩士在職專班,碩士在職專班,2,
111,擴充名額,電機工程系智慧自動化系統碩士班,日間碩士班,4,
111,擴充名額,電機工程系碩士在職專班,碩士在職專班,7,
111,擴充名額,電機工程系碩士班,日間碩士班,12,
111,擴充名額,模具工程系,四技進修部,7,
111,擴充名額,模具工程系,二技日間部,2,
111,擴充名額,模具工程系,四技日間部-技高生,4,
111,擴充名額,模具工程系光電模具組,四技日間部-技高生,4,
111,擴充名額,模具工程系博士班,博士班,1,
111,擴充名額,模具工程系碩士在職專班,碩士在職專班,4,
111,擴充名額,模具工程系碩士班,日間碩士班,15,
111,擴充名額,模具工程系精微模具組,四技日間部-技高生,3,
111,擴充名額,模具工程系應用工程科學碩士在職專班,碩士在職專班,3,
111,擴充名額,輪機工程系,四技進修部,12,
111,擴充名額,輪機工程系,二技日間部,4,
111,擴充名額,輪機工程系碩士在職專班,碩士在職專班,4,
111,擴充名額,輪機工程系碩士班,日間碩士班,3,
111,擴充名額,機械工程系碩士班,日間碩士班,4,
111,擴充名額,機電工程系智慧自動化組,四技日間部-技高生,5,
111,擴充名額,機電工程系碩士在職專班,碩士在職專班,4,
111,擴充名額,機電工程系碩士班,日間碩士班,9,
111,擴充名額,機電工程系精密機械組,四技日間部-技高生,5,
111,外加名額,資訊工程系碩士班,日間碩士班,7,
111,外加名額,電子工程系碩士班(建工校區),日間碩士班,7,
111,外加名額,電子工程系碩士在職專班(建工校區),碩士在職專班,7,
111,外加名額,電機工程系碩士在職專班,碩士在職專班,7,
110,擴充名額,化學工程與材料工程系碩士班,日間碩士班,7,
110,擴充名額,半導體工程系碩士班,日間碩士班,6,
110,擴充名額,光電工程研究所,日間碩士班,7,
110,擴充名額,海事資訊科技系碩士班,日間碩士班,2,
110,擴充名額,商務資訊應用系碩士班,日間碩士班,6,
110,擴充名額,智慧商務系碩士班,日間碩士班,8,
110,擴充名額,資訊工程系碩士班,日間碩士班,9,
110,擴充名額,資訊管理系電子商務碩士班,日間碩士班,5,
110,擴充名額,資訊管理系碩士班,日間碩士班,6,
110,擴充名額,電子工程系碩士班(建工校區),日間碩士班,10,
110,擴充名額,電訊工程系碩士班,日間碩士班,4,
110,擴充名額,電腦與通訊工程系碩士班,日間碩士班,4,
110,擴充名額,機械工程系碩士班,日間碩士班,11,
110,擴充名額,機電工程系碩士班,日間碩士班,12,
110,擴充名額,化學工程與材料工程系,四技日間部-普高生,3,
110,擴充名額,海事資訊科技系,四技日間部-普高生,1,
110,擴充名額,商務資訊應用系,四技日間部-普高生,1,
110,擴充名額,智慧商務系,四技日間部-普高生,2,
110,擴充名額,資訊管理系,四技日間部-普高生,1,
110,擴充名額,電子工程系資訊組,四技日間部-普高生,1,
110,擴充名額,電子工程系電子組,四技日間部-普高生,1,
110,擴充名額,電子工程系電信與系統組,四技日間部-普高生,1,
110,擴充名額,電腦與通訊工程系,四技日間部-普高生,1,
110,擴充名額,輪機工程系,四技日間部-普高生,2,
110,擴充名額,機械工程系智能系統與控制組,四技日間部-普高生,1,
110,擴充名額,化學工程與材料工程系,四技日間部-技高生,10,
110,擴充名額,半導體工程系,四技日間部-技高生,49,
110,擴充名額,海事資訊科技系,四技日間部-技高生,4,
110,擴充名額,商務資訊應用系,四技日間部-技高生,11,
110,擴充名額,智慧商務系,四技日間部-技高生,17,
110,擴充名額,資訊工程系,四技日間部-技高生,5,
110,擴充名額,資訊管理系,四技日間部-技高生,9,
110,擴充名額,電子工程系資訊組,四技日間部-技高生,4,
110,擴充名額,電子工程系電子組,四技日間部-技高生,4,
110,擴充名額,電子工程系電信與系統組,四技日間部-技高生,4,
110,擴充名額,電訊工程系,四技日間部-技高生,4,
110,擴充名額,電腦與通訊工程系,四技日間部-技高生,9,
110,擴充名額,輪機工程系,四技日間部-技高生,4,
110,擴充名額,機械工程系,四技日間部-技高生,5,
110,擴充名額,機械工程系智能系統與控制組,四技日間部-技高生,5,
110,擴充名額,機械工程系微奈米技術組,四技日間部-技高生,5,
110,擴充名額,化學工程與材料工程系,四技進修部,6,
110,擴充名額,半導體工程系,四技進修部,5,
110,擴充名額,電子工程系(建工校區),四技進修部,14,
110,擴充名額,電訊工程系,四技進修部,16,
110,擴充名額,電機工程系,四技進修部,5,
110,擴充名額,模具工程系,四技進修部,5,
110,擴充名額,化學工程與材料工程系博士班,博士班,1,
110,擴充名額,電子工程系博士班(建工校區),博士班,3,
110,擴充名額,電機工程系博士班,博士班,1,
110,擴充名額,機械工程系博士班,博士班,1,
110,擴充名額,電機工程系,進修學院,5,
110,擴充名額,機械工程系,進修學院,8,
110,擴充名額,化學工程與材料工程系碩士在職專班,碩士在職專班,12,
110,擴充名額,半導體工程系碩士在職專班,碩士在職專班,2,
110,擴充名額,資訊管理系碩士在職專班,碩士在職專班,8,
110,擴充名額,電子工程系碩士在職專班(建工校區),碩士在職專班,11,
110,擴充名額,電子工程系碩士在職專班(第一校區),碩士在職專班,2,
110,擴充名額,電腦與通訊工程系碩士在職專班,碩士在職專班,9,
110,擴充名額,機電工程系碩士在職專班,碩士在職專班,6,
109,招生名額,土木工程科,五專部,30,工業領域
109,招生名額,航海科,五專部,50,農林漁牧領域
109,招生名額,漁業生產與管理科,五專部,30,農林漁牧領域
109,招生名額,模具工程科,五專部,30,工業領域
109,招生名額,輪機工程科,五專部,50,農林漁牧領域
109,招生名額,人力資源發展系碩士班,日間碩士班,20,其他
109,招生名額,文化創意產業系碩士班,日間碩士班,15,其他
109,招生名額,人力資源發展系,四技日間部-普高生,4,其他
109,招生名額,文化創意產業系,四技日間部-普高生,4,其他
109,招生名額,人力資源發展系,四技日間部-技高生,52,其他
109,招生名額,文化創意產業系,四技日間部-技高生,48,其他
109,招生名額,人力資源發展系,碩士在職專班,29,其他
109,招生名額,文化創意產業系,碩士在職專班,15,其他
109,招生名額,工業工程與管理系,二技日間部,21,其他
109,招生名額,模具工程系,二技日間部,18,工業領域
109,招生名額,土木工程系,二技進修部,35,工業領域
109,招生名額,土木工程系碩士班,日間碩士班,43,工業領域
109,招生名額,工業工程與管理系碩士班,日間碩士班,27,其他
109,招生名額,工業設計系碩士班,日間碩士班,14,工業領域
109,招生名額,化學工程與材料工程系碩士班,日間碩士班,47,工業領域
109,招生名額,模具工程系碩士班,日間碩士班,70,工業領域
109,招生名額,機械工程系碩士班,日間碩士班,73,工業領域
109,招生名額,機電工程系碩士班,日間碩士班,29,工業領域
109,招生名額,機電工程系先進製造科技碩士班,日間碩士班,10,工業領域
109,招生名額,營建工程系碩士班,日間碩士班,21,工業領域
109,招生名額,環境與安全衛生工程系碩士班,日間碩士班,39,工業領域
109,招生名額,土木工程系,四技日間部-普高生,31,工業領域
109,招生名額,工業工程與管理系,四技日間部-普高生,1,其他
109,招生名額,工業設計系,四技日間部-普高生,10,工業領域
109,招生名額,化學工程與材料工程系,四技日間部-普高生,27,工業領域
109,招生名額,模具工程系,四技日間部-普高生,5,工業領域
109,招生名額,模具工程系光電模具組,四技日間部-普高生,5,工業領域
109,招生名額,模具工程系精微模具組,四技日間部-普高生,5,工業領域
109,招生名額,機械工程系,四技日間部-普高生,5,工業領域
109,招生名額,機械工程系智能系統與控制組,四技日間部-普高生,4,工業領域
109,招生名額,機械工程系微奈米技術組,四技日間部-普高生,4,工業領域
109,招生名額,營建工程系,四技日間部-普高生,6,工業領域
109,招生名額,環境與安全衛生工程系,四技日間部-普高生,28,工業領域
109,招生名額,土木工程系,四技日間部-技高生,106,工業領域
109,招生名額,工業工程與管理系,四技日間部-技高生,53,其他
109,招生名額,工業設計系,四技日間部-技高生,30,工業領域
109,招生名額,化學工程與材料工程系,四技日間部-技高生,99,工業領域
109,招生名額,模具工程系,四技日間部-技高生,53,工業領域
109,招生名額,模具工程系光電模具組,四技日間部-技高生,52,工業領域
109,招生名額,模具工程系精微模具組,四技日間部-技高生,53,工業領域
109,招生名額,機械工程系,四技日間部-技高生,48,工業領域
109,招生名額,機械工程系智能系統與控制組,四技日間部-技高生,47,工業領域
109,招生名額,機械工程系微奈米技術組,四技日間部-技高生,47,工業領域
109,招生名額,機電工程系智慧自動化組,四技日間部-技高生,54,工業領域
109,招生名額,機電工程系精密機械組,四技日間部-技高生,54,工業領域
109,招生名額,營建工程系,四技日間部-技高生,106,工業領域
109,招生名額,環境與安全衛生工程系,四技日間部-技高生,80,工業領域
109,招生名額,工業工程與管理系,四技進修部,32,其他
109,招生名額,化學工程與材料工程系,四技進修部,45,工業領域
109,招生名額,模具工程系,四技進修部,46,工業領域
109,招生名額,機械工程系,四技進修部,64,工業領域
109,招生名額,土木工程系土木工程科技博士班,博士班,2,工業領域
109,招生名額,工業工程與管理系,博士班,4,其他
109,招生名額,工學院工程科技博士班,博士班,18,工業領域
109,招生名額,化學工程與材料工程系,博士班,2,工業領域
109,招生名額,模具工程系,博士班,2,工業領域
109,招生名額,機械工程系,博士班,6,工業領域
109,招生名額,土木工程系,進修學院,44,工業領域
109,招生名額,工業工程與管理系,進修學院,48,其他
109,招生名額,機械工程系,進修學院,33,工業領域
109,招生名額,土木工程系土木工程與防災科技碩士在職專班,碩士在職專班,41,工業領域
109,招生名額,工業工程與管理系,碩士在職專班,55,其他
109,招生名額,化學工程與材料工程系,碩士在職專班,33,工業領域
109,招生名額,模具工程系,碩士在職專班,20,工業領域
109,招生名額,模具工程系應用工程科學碩士在職專班,碩士在職專班,11,工業領域
109,招生名額,機械工程系,碩士在職專班,32,工業領域
109,招生名額,機電工程系,碩士在職專班,17,工業領域
109,招生名額,營建工程系,碩士在職專班,16,工業領域
109,招生名額,環境與安全衛生工程系,碩士在職專班,31,工業領域
109,招生名額,環境與安全衛生工程系消防與防災工程碩士在職專班,碩士在職專班,9,工業領域
109,招生名額,水產食品科學系碩士班,日間碩士班,20,農林漁牧領域
109,招生名額,水產養殖系碩士班,日間碩士班,11,農林漁牧領域
109,招生名額,海洋生物技術系碩士班,日間碩士班,11,農林漁牧領域
109,招生名額,海洋環境工程系碩士班,日間碩士班,16,工業領域
109,招生名額,漁業生產與管理系碩士班,日間碩士班,8,農林漁牧領域
109,招生名額,水產食品科學系,四技日間部-普高生,9,農林漁牧領域
109,招生名額,水產養殖系,四技日間部-普高生,15,農林漁牧領域
109,招生名額,海洋生物技術系,四技日間部-普高生,8,農林漁牧領域
109,招生名額,海洋環境工程系,四技日間部-普高生,4,工業領域
109,招生名額,漁業生產與管理系,四技日間部-普高生,15,農林漁牧領域
109,招生名額,水產食品科學系,四技日間部-技高生,94,農林漁牧領域
109,招生名額,水產養殖系,四技日間部-技高生,85,農林漁牧領域
109,招生名額,海洋生物技術系,四技日間部-技高生,47,農林漁牧領域
109,招生名額,海洋環境工程系,四技日間部-技高生,50,工業領域
109,招生名額,漁業生產與管理系,四技日間部-技高生,40,農林漁牧領域
109,招生名額,水產食品科學系,四技進修部,55,農林漁牧領域
109,招生名額,水產養殖系,四技進修部,55,農林漁牧領域
109,招生名額,海洋環境工程系,四技進修部,54,工業領域
109,招生名額,漁業生產與管理系,四技進修部,42,農林漁牧領域
109,招生名額,水圈學院水產科技產業博士班,博士班,3,農林漁牧領域
109,招生名額,水產食品科學系,碩士在職專班,15,農林漁牧領域
109,招生名額,漁業生產與管理系,碩士在職專班,11,農林漁牧領域
109,招生名額,應用日語系,二技日間部,31,其他
109,招生名額,應用英語系,二技日間部,34,其他
109,招生名額,應用日語系碩士班,日間碩士班,11,其他
109,招生名額,應用英語系口筆譯碩士班,日間碩士班,16,其他
109,招生名額,應用英語系英語專業溝通與教學科技碩士班,日間碩士班,6,其他
109,招生名額,應用英語系應用語言學與英語教學碩士班,日間碩士班,17,其他
109,招生名額,應用德語系碩士班,日間碩士班,9,其他
109,招生名額,應用德語系,四技日間部-普高生,20,其他
109,招生名額,應用日語系,四技日間部-技高生,78,其他
109,招生名額,應用英語系,四技日間部-技高生,111,其他
109,招生名額,應用德語系,四技日間部-技高生,36,其他
109,招生名額,應用英語系,進修學院,54,其他
109,招生名額,應用日語系,碩士在職專班,10,其他
109,招生名額,航運技術系,二技日間部,45,農林漁牧領域
109,招生名額,輪機工程系,二技日間部,45,農林漁牧領域
109,招生名額,海事風電工程碩士學位學程,日間碩士班,8,工業領域
109,招生名額,海事資訊科技系碩士班,日間碩士班,9,農林漁牧領域
109,招生名額,航運技術系碩士班,日間碩士班,10,農林漁牧領域
109,招生名額,造船及海洋工程系碩士班,日間碩士班,12,農林漁牧領域
109,招生名額,電訊工程系碩士班,日間碩士班,15,工業領域
109,招生名額,輪機工程系碩士班,日間碩士班,9,農林漁牧領域
109,招生名額,海事資訊科技系,四技日間部-普高生,6,農林漁牧領域
109,招生名額,航運技術系,四技日間部-普高生,16,農林漁牧領域
109,招生名額,造船及海洋工程系,四技日間部-普高生,10,農林漁牧領域
109,招生名額,電訊工程系,四技日間部-普高生,4,工業領域
109,招生名額,輪機工程系,四技日間部-普高生,17,農林漁牧領域
109,招生名額,海事資訊科技系,四技日間部-技高生,41,農林漁牧領域
109,招生名額,航運技術系,四技日間部-技高生,36,農林漁牧領域
109,招生名額,造船及海洋工程系,四技日間部-技高生,100,農林漁牧領域
109,招生名額,電訊工程系,四技日間部-技高生,40,工業領域
109,招生名額,輪機工程系,四技日間部-技高生,74,農林漁牧領域
109,招生名額,造船及海洋工程系,四技進修部,40,農林漁牧領域
109,招生名額,電訊工程系,四技進修部,92,工業領域
109,招生名額,輪機工程系,四技進修部,57,農林漁牧領域
109,招生名額,海事學院海事科技產學合作博士班,博士班,5,農林漁牧領域
109,招生名額,海事資訊科技系,碩士在職專班,12,農林漁牧領域
109,招生名額,航運技術系,碩士在職專班,8,農林漁牧領域
109,招生名額,造船及海洋工程系,碩士在職專班,11,農林漁牧領域
109,招生名額,輪機工程系,碩士在職專班,16,農林漁牧領域
109,招生名額,供應鏈管理系碩士班,日間碩士班,11,其他
109,招生名額,海洋休閒管理系碩士班,日間碩士班,6,觀光休閒餐旅領域
109,招生名額,海洋事務與產業管理研究所,日間碩士班,13,農林漁牧領域
109,招生名額,航運管理系碩士班,日間碩士班,15,其他
109,招生名額,商務資訊應用系碩士班,日間碩士班,6,其他
109,招生名額,供應鏈管理系,四技日間部-普高生,2,其他
109,招生名額,海洋休閒管理系,四技日間部-普高生,3,觀光休閒餐旅領域
109,招生名額,航運管理系,四技日間部-普高生,7,其他
109,招生名額,供應鏈管理系,四技日間部-技高生,52,其他
109,招生名額,海洋休閒管理系,四技日間部-技高生,41,觀光休閒餐旅領域
109,招生名額,航運管理系,四技日間部-技高生,86,其他
109,招生名額,商務資訊應用系,四技日間部-技高生,90,其他
109,招生名額,供應鏈管理系,四技進修部,43,其他
109,招生名額,海洋休閒管理系,四技進修部,41,觀光休閒餐旅領域
109,招生名額,航運管理系,四技進修部,30,其他
109,招生名額,航運管理系,博士班,3,其他
109,招生名額,供應鏈管理系,碩士在職專班,6,其他
109,招生名額,航運管理系,碩士在職專班,19,其他
109,招生名額,金融系碩士班,日間碩士班,29,其他
109,招生名額,財務管理系碩士班,日間碩士班,26,其他
109,招生名額,資訊財務碩士學位學程,日間碩士班,15,其他
109,招生名額,財務管理系,四技日間部-普高生,6,其他
109,招生名額,金融系,四技日間部-技高生,94,其他
109,招生名額,財務管理系,四技日間部-技高生,43,其他
109,招生名額,金融系,四技進修部,44,其他
109,招生名額,財務金融學院博士班,博士班,10,其他
109,招生名額,金融系,碩士在職專班,32,其他
109,招生名額,財務管理系,碩士在職專班,26,其他
109,招生名額,財政稅務系,二技進修部,20,其他
109,招生名額,金融資訊系碩士班,日間碩士班,21,其他
109,招生名額,財政稅務系碩士班,日間碩士班,20,其他
109,招生名額,智慧商務系碩士班,日間碩士班,28,其他
109,招生名額,會計資訊系碩士班,日間碩士班,34,其他
109,招生名額,觀光管理系觀光與餐旅管理碩士班,日間碩士班,13,觀光休閒餐旅領域
109,招生名額,金融資訊系,四技日間部-普高生,2,其他
109,招生名額,財政稅務系,四技日間部-普高生,5,其他
109,招生名額,智慧商務系,四技日間部-普高生,1,其他
109,招生名額,會計資訊系,四技日間部-普高生,1,其他
109,招生名額,觀光管理系,四技日間部-普高生,3,觀光休閒餐旅領域
109,招生名額,金融資訊系,四技日間部-技高生,44,其他
109,招生名額,財政稅務系,四技日間部-技高生,52,其他
109,招生名額,智慧商務系,四技日間部-技高生,80,其他
109,招生名額,會計資訊系,四技日間部-技高生,92,其他
109,招生名額,觀光管理系,四技日間部-技高生,35,觀光休閒餐旅領域
109,招生名額,金融資訊系,四技進修部,54,其他
109,招生名額,財政稅務系,四技進修部,35,其他
109,招生名額,會計資訊系,四技進修部,42,其他
109,招生名額,觀光管理系,四技進修部,48,觀光休閒餐旅領域
109,招生名額,商業智慧學院博士班,博士班,3,其他
109,招生名額,會計資訊系,進修學院,42,其他
109,招生名額,觀光管理系,進修學院,29,觀光休閒餐旅領域
109,招生名額,金融資訊系,碩士在職專班,35,其他
109,招生名額,財政稅務系,碩士在職專班,45,其他
109,招生名額,智慧商務系,碩士在職專班,34,其他
109,招生名額,會計資訊系,碩士在職專班,27,其他
109,招生名額,觀光管理系觀光與餐旅管理碩士班,碩士在職專班,32,觀光休閒餐旅領域
109,招生名額,半導體工程系碩士班,日間碩士班,14,工業領域
109,招生名額,光電工程研究所,日間碩士班,35,工業領域
109,招生名額,資訊工程系碩士班,日間碩士班,15,工業領域
109,招生名額,電子工程系碩士班(建工校區),日間碩士班,63,工業領域
109,招生名額,電子工程系碩士班(第一校區),日間碩士班,30,工業領域
109,招生名額,電腦與通訊工程系碩士班,日間碩士班,40,工業領域
109,招生名額,電機工程系碩士班,日間碩士班,62,工業領域
109,招生名額,電機工程系智慧自動化系統碩士班,日間碩士班,19,工業領域
109,招生名額,半導體工程系,四技日間部-普高生,4,工業領域
109,招生名額,資訊工程系,四技日間部-普高生,4,工業領域
109,招生名額,電子工程系(第一校區),四技日間部-普高生,19,工業領域
109,招生名額,電子工程系資訊組,四技日間部-普高生,5,工業領域
109,招生名額,電子工程系電子組,四技日間部-普高生,6,工業領域
109,招生名額,電子工程系電信與系統組,四技日間部-普高生,6,工業領域
109,招生名額,電腦與通訊工程系,四技日間部-普高生,10,工業領域
109,招生名額,電機工程系,四技日間部-普高生,13,工業領域
109,招生名額,半導體工程系,四技日間部-技高生,50,工業領域
109,招生名額,資訊工程系,四技日間部-技高生,47,工業領域
109,招生名額,電子工程系(第一校區),四技日間部-技高生,52,工業領域
109,招生名額,電子工程系資訊組,四技日間部-技高生,41,工業領域
109,招生名額,電子工程系電子組,四技日間部-技高生,41,工業領域
109,招生名額,電子工程系電信與系統組,四技日間部-技高生,41,工業領域
109,招生名額,電腦與通訊工程系,四技日間部-技高生,92,工業領域
109,招生名額,電機工程系,四技日間部-技高生,140,工業領域
109,招生名額,半導體工程系,四技進修部,50,工業領域
109,招生名額,電子工程系(建工校區),四技進修部,66,工業領域
109,招生名額,電機工程系,四技進修部,54,工業領域
109,招生名額,電子工程系(建工校區),博士班,11,工業領域
109,招生名額,電機工程系,博士班,6,工業領域
109,招生名額,電機工程系,進修學院,51,工業領域
109,招生名額,半導體工程系,碩士在職專班,10,工業領域
109,招生名額,資訊工程系,碩士在職專班,16,工業領域
109,招生名額,電子工程系(建工校區),碩士在職專班,27,工業領域
109,招生名額,電子工程系(第一校區),碩士在職專班,18,工業領域
109,招生名額,電腦與通訊工程系,碩士在職專班,13,工業領域
109,招生名額,電機工程系,碩士在職專班,33,工業領域
109,招生名額,電機工程系智慧自動化系統碩士在職專班,碩士在職專班,10,工業領域
109,招生名額,企業管理系碩士班,日間碩士班,18,其他
109,招生名額,行銷與流通管理系碩士班,日間碩士班,34,其他
109,招生名額,行銷與流通管理系連鎖加盟管理碩士班,日間碩士班,12,其他
109,招生名額,科技法律研究所,日間碩士班,23,其他
109,招生名額,風險管理與保險系碩士班,日間碩士班,17,其他
109,招生名額,國際企業系碩士班,日間碩士班,20,其他
109,招生名額,國際管理碩士學位學程,日間碩士班,10,其他
109,招生名額,創業管理碩士學位學程,日間碩士班,13,其他
109,招生名額,資訊管理系碩士班,日間碩士班,26,其他
109,招生名額,資訊管理系電子商務碩士班,日間碩士班,21,其他
109,招生名額,運籌管理系碩士班,日間碩士班,20,其他
109,招生名額,運籌管理系商務經營管理碩士班,日間碩士班,14,其他
109,招生名額,企業管理系,四技日間部-普高生,4,其他
109,招生名額,國際企業系,四技日間部-普高生,1,其他
109,招生名額,運籌管理系,四技日間部-普高生,9,其他
109,招生名額,企業管理系,四技日間部-技高生,46,其他
109,招生名額,行銷與流通管理系,四技日間部-技高生,98,其他
109,招生名額,風險管理與保險系,四技日間部-技高生,53,其他
109,招生名額,國際企業系,四技日間部-技高生,46,其他
109,招生名額,資訊管理系,四技日間部-技高生,85,其他
109,招生名額,運籌管理系,四技日間部-技高生,84,其他
109,招生名額,企業管理系,四技進修部,47,其他
109,招生名額,國際企業系,四技進修部,53,其他
109,招生名額,國際企業系,博士班,7,其他
109,招生名額,管理學院博士班,博士班,9,其他
109,招生名額,企業管理系,進修學院,50,其他
109,招生名額,國際企業系,進修學院,29,其他
109,招生名額,企業管理系,碩士在職專班,30,其他
109,招生名額,行銷與流通管理系,碩士在職專班,26,其他
109,招生名額,科技法律研究所,碩士在職專班,27,其他
109,招生名額,風險管理與保險系,碩士在職專班,21,其他
109,招生名額,國際企業系,碩士在職專班,28,其他
109,招生名額,資訊管理系,碩士在職專班,19,其他
109,招生名額,運籌管理系,碩士在職專班,18,其他
109,招生名額,運籌管理系商務經營管理碩士在職專班,碩士在職專班,18,其他
109,招生名額,管理學院企業管理高階經營管理碩士在職專班,碩士在職專班,20,其他
109,招生名額,管理學院高階主管經營管理碩士在職專班,碩士在職專班,21,其他
116,招生名額,人力資源發展系碩士班,日間碩士班,20,其他
116,招生名額,人力資源發展系碩士在職專班,碩士在職專班,29,其他
116,招生名額,人力資源發展系,四技日間部-技高生,50,其他
116,招生名額,人力資源發展系,四技日間部-普高生,1,其他
116,招生名額,文化創意產業系碩士班,日間碩士班,18,其他
116,招生名額,文化創意產業系碩士在職專班,碩士在職專班,16,其他
116,招生名額,文化創意產業系,四技日間部-技高生,46,其他
116,招生名額,文化創意產業系,四技日間部-普高生,2,其他
116,招生名額,化學工程與材料工程系博士班,博士班,2,工業領域
116,招生名額,化學工程與材料工程系碩士班,日間碩士班,47,工業領域
116,招生名額,化學工程與材料工程系碩士在職專班,碩士在職專班,20,工業領域
116,招生名額,化學工程與材料工程系,四技日間部-技高生,92,工業領域
116,招生名額,化學工程與材料工程系,四技日間部-普高生,23,工業領域
116,招生名額,土木工程系土木工程科技博士班,博士班,5,工業領域
116,招生名額,土木工程系碩士班,日間碩士班,40,工業領域
116,招生名額,土木工程系土木工程與防災科技碩士在職專班,碩士在職專班,45,工業領域
116,招生名額,土木工程系,四技日間部-技高生,108,工業領域
116,招生名額,土木工程系,四技日間部-普高生,23,工業領域
116,招生名額,土木工程系,二技進修部,60,工業領域
116,招生名額,機械工程系博士班,博士班,6,工業領域
116,招生名額,機械工程系碩士班,日間碩士班,73,工業領域
116,招生名額,機械工程系碩士在職專班,碩士在職專班,35,工業領域
116,招生名額,機械工程系,四技日間部-技高生,42,工業領域
116,招生名額,機械工程系智能系統與控制組,四技日間部-技高生,41,工業領域
116,招生名額,機械工程系微奈米技術組,四技日間部-技高生,42,工業領域
116,招生名額,機械工程系,四技日間部-普高生,3,工業領域
116,招生名額,機械工程系智能系統與控制組,四技日間部-普高生,6,工業領域
116,招生名額,機械工程系微奈米技術組,四技日間部-普高生,5,工業領域
116,招生名額,機械工程系,四技進修部,45,工業領域
116,招生名額,機械工程系,二技進修部,24,工業領域
116,招生名額,模具工程系博士班,博士班,2,工業領域
116,招生名額,模具工程系碩士班,日間碩士班,70,工業領域
116,招生名額,模具工程系碩士在職專班,碩士在職專班,14,工業領域
116,招生名額,模具工程系應用工程科學碩士在職專班,碩士在職專班,6,工業領域
116,招生名額,模具工程系,四技日間部-技高生,38,工業領域
116,招生名額,模具工程系光電模具組,四技日間部-技高生,37,工業領域
116,招生名額,模具工程系精微模具組,四技日間部-技高生,36,工業領域
116,招生名額,模具工程系,四技日間部-普高生,7,工業領域
116,招生名額,模具工程系光電模具組,四技日間部-普高生,6,工業領域
116,招生名額,模具工程系精微模具組,四技日間部-普高生,7,工業領域
116,招生名額,模具工程系,四技進修部,25,工業領域
116,招生名額,模具工程系,二技日間部,20,工業領域
116,招生名額,模具工程科,五專部,30,工業領域
116,招生名額,工業工程與管理系博士班,博士班,2,其他
116,招生名額,工業工程與管理系碩士班,日間碩士班,26,其他
116,招生名額,工業工程與管理系碩士在職專班,碩士在職專班,33,其他
116,招生名額,工業工程與管理系,四技日間部-技高生,53,其他
116,招生名額,工業工程與管理系,四技日間部-普高生,1,其他
116,招生名額,工業工程與管理系,四技進修部,23,其他
116,招生名額,營建工程系碩士班,日間碩士班,23,工業領域
116,招生名額,營建工程系營建工程與管理碩士在職專班,碩士在職專班,26,工業領域
116,招生名額,營建工程系,四技日間部-技高生,106,工業領域
116,招生名額,營建工程系,四技日間部-普高生,3,工業領域
116,招生名額,環境與安全衛生工程系博士班,博士班,5,工業領域
116,招生名額,環境與安全衛生工程系碩士班,日間碩士班,42,工業領域
116,招生名額,環境與安全衛生工程系碩士在職專班,碩士在職專班,43,工業領域
116,招生名額,環境與安全衛生工程系,四技日間部-技高生,80,工業領域
116,招生名額,環境與安全衛生工程系,四技日間部-普高生,50,工業領域
116,招生名額,機電工程系博士班,博士班,4,工業領域
116,招生名額,機電工程系碩士班,日間碩士班,39,工業領域
116,招生名額,機電工程系碩士在職專班,碩士在職專班,28,工業領域
116,招生名額,機電工程系智慧自動化組,四技日間部-技高生,50,工業領域
116,招生名額,機電工程系精密機械組,四技日間部-技高生,49,工業領域
116,招生名額,機電工程系智慧自動化組,四技日間部-普高生,3,工業領域
116,招生名額,機電工程系精密機械組,四技日間部-普高生,3,工業領域
116,招生名額,工業設計系碩士班,日間碩士班,11,工業領域
116,招生名額,工業設計系,四技日間部-技高生,31,工業領域
116,招生名額,工業設計系,四技日間部-普高生,2,工業領域
116,招生名額,水圈學院水產科技產業博士班,博士班,3,農林漁牧領域
116,招生名額,漁業科技與管理系海洋事務與產業管理碩士班,日間碩士班,13,農林漁牧領域
116,招生名額,漁業科技與管理系碩士班,日間碩士班,10,農林漁牧領域
116,招生名額,漁業科技與管理系碩士在職專班,碩士在職專班,11,農林漁牧領域
116,招生名額,漁業科技與管理系,四技日間部-技高生,40,農林漁牧領域
116,招生名額,漁業科技與管理系,四技日間部-普高生,14,農林漁牧領域
116,招生名額,漁業科技與管理科,五專部,24,農林漁牧領域
116,招生名額,水產食品科學系博士班,博士班,2,農林漁牧領域
116,招生名額,水產食品科學系碩士班,日間碩士班,19,農林漁牧領域
116,招生名額,水產食品科學系碩士在職專班,碩士在職專班,10,農林漁牧領域
116,招生名額,水產食品科學系,四技日間部-技高生,94,農林漁牧領域
116,招生名額,水產食品科學系,四技日間部-普高生,10,農林漁牧領域
116,招生名額,水產養殖系碩士班,日間碩士班,13,農林漁牧領域
116,招生名額,水產養殖系,四技日間部-技高生,85,農林漁牧領域
116,招生名額,水產養殖系,四技日間部-普高生,17,農林漁牧領域
116,招生名額,海洋生物技術系碩士班,日間碩士班,6,農林漁牧領域
116,招生名額,海洋生物技術系,四技日間部-技高生,46,農林漁牧領域
116,招生名額,海洋生物技術系,四技日間部-普高生,4,農林漁牧領域
116,招生名額,海洋環境工程系博士班,博士班,1,工業領域
116,招生名額,海洋環境工程系碩士班,日間碩士班,12,工業領域
116,招生名額,海洋環境工程系,四技日間部-技高生,50,工業領域
116,招生名額,海洋環境工程系,四技日間部-普高生,11,工業領域
116,招生名額,應用英語系口筆譯碩士班,日間碩士班,9,其他
116,招生名額,應用英語系應用語言學與英語教學碩士班,日間碩士班,12,其他
116,招生名額,應用英語系,四技日間部-技高生,101,其他
116,招生名額,應用英語系,二技日間部,28,其他
116,招生名額,應用日語系碩士班,日間碩士班,17,其他
116,招生名額,應用日語系碩士在職專班,碩士在職專班,8,其他
116,招生名額,應用日語系,四技日間部-技高生,76,其他
116,招生名額,應用日語系,二技日間部,28,其他
116,招生名額,應用德語系碩士班,日間碩士班,6,其他
116,招生名額,應用德語系,四技日間部-技高生,37,其他
116,招生名額,應用德語系,四技日間部-普高生,16,其他
116,招生名額,海事學院海事科技產學合作博士班,博士班,5,農林漁牧領域
116,招生名額,造船及海洋工程系碩士班,日間碩士班,12,農林漁牧領域
116,招生名額,造船及海洋工程系碩士在職專班,碩士在職專班,7,農林漁牧領域
116,招生名額,造船及海洋工程系,四技日間部-技高生,96,農林漁牧領域
116,招生名額,造船及海洋工程系,四技日間部-普高生,7,農林漁牧領域
116,招生名額,電訊工程系碩士班,日間碩士班,14,工業領域
116,招生名額,電訊工程系碩士在職專班,碩士在職專班,15,工業領域
116,招生名額,電訊工程系,四技日間部-技高生,41,工業領域
116,招生名額,電訊工程系,四技日間部-普高生,2,工業領域
116,招生名額,電訊工程系,四技進修部,21,工業領域
116,招生名額,航運技術系碩士班,日間碩士班,7,農林漁牧領域
116,招生名額,航運技術系碩士在職專班,碩士在職專班,10,農林漁牧領域
116,招生名額,航運技術系,四技日間部-技高生,33,農林漁牧領域
116,招生名額,航運技術系,四技日間部-普高生,19,農林漁牧領域
116,招生名額,航運技術系,四技進修部,31,農林漁牧領域
116,招生名額,航運技術系,二技日間部,50,農林漁牧領域
116,招生名額,航海科,五專部,54,農林漁牧領域
116,招生名額,輪機工程系碩士班,日間碩士班,12,農林漁牧領域
116,招生名額,輪機工程系碩士在職專班,碩士在職專班,15,農林漁牧領域
116,招生名額,輪機工程系,四技日間部-技高生,71,農林漁牧領域
116,招生名額,輪機工程系,四技日間部-普高生,21,農林漁牧領域
116,招生名額,輪機工程系,四技進修部,51,農林漁牧領域
116,招生名額,輪機工程系,二技日間部,48,農林漁牧領域
116,招生名額,輪機工程科,五專部,52,農林漁牧領域
116,招生名額,海事資訊科技系碩士班,日間碩士班,8,農林漁牧領域
116,招生名額,海事資訊科技系碩士在職專班,碩士在職專班,9,農林漁牧領域
116,招生名額,海事資訊科技系,四技日間部-技高生,41,農林漁牧領域
116,招生名額,海事資訊科技系,四技日間部-普高生,4,農林漁牧領域
116,招生名額,海事風電工程碩士學位學程,日間碩士班,5,工業領域
116,招生名額,航運管理系博士班,博士班,3,其他
116,招生名額,航運管理系碩士班,日間碩士班,17,其他
116,招生名額,航運管理系碩士在職專班,碩士在職專班,18,其他
116,招生名額,航運管理系,四技日間部-技高生,84,其他
116,招生名額,航運管理系,四技日間部-普高生,2,其他
116,招生名額,航運管理系,四技進修部,16,其他
116,招生名額,商務資訊應用系碩士班,日間碩士班,7,其他
116,招生名額,商務資訊應用系,四技日間部-技高生,88,其他
116,招生名額,商務資訊應用系,四技日間部-普高生,1,其他
116,招生名額,供應鏈管理系碩士班,日間碩士班,12,其他
116,招生名額,供應鏈管理系碩士在職專班,碩士在職專班,6,其他
116,招生名額,供應鏈管理系,四技日間部-技高生,50,其他
116,招生名額,供應鏈管理系,四技日間部-普高生,2,其他
116,招生名額,海洋休閒管理系碩士班,日間碩士班,8,觀光休閒餐旅領域
116,招生名額,海洋休閒管理系,四技日間部-技高生,41,觀光休閒餐旅領域
116,招生名額,海洋休閒管理系,四技日間部-普高生,4,觀光休閒餐旅領域
116,招生名額,海洋休閒管理系,四技進修部,18,觀光休閒餐旅領域
116,招生名額,金融系碩士班,日間碩士班,39,其他
116,招生名額,金融系金融高階主管經營管理碩士在職專班,碩士在職專班,6,其他
116,招生名額,金融系碩士在職專班,碩士在職專班,34,其他
116,招生名額,金融系,四技日間部-技高生,92,其他
116,招生名額,金融系,四技日間部-普高生,1,其他
116,招生名額,金融系,四技進修部,16,其他
116,招生名額,財務管理系碩士班,日間碩士班,34,其他
116,招生名額,財務管理系碩士在職專班,碩士在職專班,23,其他
116,招生名額,財務管理系,四技日間部-技高生,39,其他
116,招生名額,財務管理系,四技日間部-普高生,1,其他
116,招生名額,會計資訊系碩士班,日間碩士班,29,其他
116,招生名額,會計資訊系碩士在職專班,碩士在職專班,16,其他
116,招生名額,會計資訊系,四技日間部-技高生,90,其他
116,招生名額,會計資訊系,四技日間部-普高生,1,其他
116,招生名額,會計資訊系,四技進修部,15,其他
116,招生名額,會計資訊系,二技進修部,20,其他
116,招生名額,金融資訊系碩士班,日間碩士班,30,其他
116,招生名額,金融資訊系碩士在職專班,碩士在職專班,36,其他
116,招生名額,金融資訊系,四技日間部-技高生,42,其他
116,招生名額,金融資訊系,四技日間部-普高生,1,其他
116,招生名額,金融資訊系,四技進修部,44,其他
116,招生名額,財政稅務系碩士班,日間碩士班,20,其他
116,招生名額,財政稅務系碩士在職專班,碩士在職專班,40,其他
116,招生名額,財政稅務系,四技日間部-技高生,50,其他
116,招生名額,財政稅務系,四技日間部-普高生,1,其他
116,招生名額,財政稅務系,四技進修部,16,其他
116,招生名額,觀光管理系觀光與餐旅管理碩士班,日間碩士班,11,觀光休閒餐旅領域
116,招生名額,觀光管理系觀光與餐旅管理碩士在職專班,碩士在職專班,28,觀光休閒餐旅領域
116,招生名額,觀光管理系,四技日間部-技高生,31,觀光休閒餐旅領域
116,招生名額,觀光管理系,四技日間部-普高生,2,觀光休閒餐旅領域
116,招生名額,觀光管理系,四技進修部,27,觀光休閒餐旅領域
116,招生名額,觀光管理系,二技進修部,14,觀光休閒餐旅領域
116,招生名額,智慧商務系碩士班,日間碩士班,42,其他
116,招生名額,智慧商務系碩士在職專班,碩士在職專班,41,其他
116,招生名額,智慧商務系,四技日間部-技高生,78,其他
116,招生名額,智慧商務系,四技日間部-普高生,1,其他
116,招生名額,電機工程系博士班,博士班,7,工業領域
116,招生名額,電機工程系智慧自動化系統碩士班,日間碩士班,19,工業領域
116,招生名額,電機工程系碩士班,日間碩士班,62,工業領域
116,招生名額,電機工程系智慧自動化系統碩士在職專班,碩士在職專班,10,工業領域
116,招生名額,電機工程系碩士在職專班,碩士在職專班,38,工業領域
116,招生名額,電機工程系,四技日間部-技高生,140,工業領域
116,招生名額,電機工程系,四技日間部-普高生,3,工業領域
116,招生名額,電機工程系,四技進修部,60,工業領域
116,招生名額,電機工程系,二技進修部,20,工業領域
116,招生名額,電子工程系博士班(建工校區),博士班,15,工業領域
116,招生名額,電子工程系碩士班(建工校區),日間碩士班,63,工業領域
116,招生名額,電子工程系碩士在職專班(建工校區),碩士在職專班,24,工業領域
116,招生名額,電子工程系資訊與數位IC設計組(建工校區),四技日間部-技高生,41,工業領域
116,招生名額,電子工程系電子組(建工校區),四技日間部-技高生,42,工業領域
116,招生名額,電子工程系電信與系統組(建工校區),四技日間部-技高生,41,工業領域
116,招生名額,電子工程系資訊與數位IC設計組(建工校區),四技日間部-普高生,7,工業領域
116,招生名額,電子工程系電子組(建工校區),四技日間部-普高生,5,工業領域
116,招生名額,電子工程系電信與系統組(建工校區),四技日間部-普高生,12,工業領域
116,招生名額,電子工程系(建工校區),四技進修部,62,工業領域
116,招生名額,資訊工程系博士班,博士班,1,工業領域
116,招生名額,資訊工程系碩士班,日間碩士班,18,工業領域
116,招生名額,資訊工程系碩士在職專班,碩士在職專班,19,工業領域
116,招生名額,資訊工程系,四技日間部-技高生,47,工業領域
116,招生名額,資訊工程系,四技日間部-普高生,4,工業領域
116,招生名額,光電工程研究所,日間碩士班,35,工業領域
116,招生名額,電子工程系碩士班(第一校區),日間碩士班,30,工業領域
116,招生名額,電子工程系碩士在職專班(第一校區),碩士在職專班,16,工業領域
116,招生名額,電子工程系(第一校區),四技日間部-技高生,52,工業領域
116,招生名額,電子工程系(第一校區),四技日間部-普高生,7,工業領域
116,招生名額,電腦與通訊工程系碩士班,日間碩士班,40,工業領域
116,招生名額,電腦與通訊工程系碩士在職專班,碩士在職專班,16,工業領域
116,招生名額,電腦與通訊工程系,四技日間部-技高生,92,工業領域
116,招生名額,電腦與通訊工程系,四技日間部-普高生,8,工業領域
116,招生名額,半導體工程系碩士班,日間碩士班,18,工業領域
116,招生名額,半導體工程系碩士在職專班,碩士在職專班,14,工業領域
116,招生名額,半導體工程系,四技日間部-技高生,51,工業領域
116,招生名額,半導體工程系,四技日間部-普高生,2,工業領域
116,招生名額,管理學院高階主管經營管理碩士在職專班,碩士在職專班,26,其他
116,招生名額,資訊管理系博士班,博士班,3,其他
116,招生名額,資訊管理系電子商務碩士班,日間碩士班,25,其他
116,招生名額,資訊管理系碩士班,日間碩士班,30,其他
116,招生名額,資訊管理系碩士在職專班,碩士在職專班,28,其他
116,招生名額,資訊管理系,四技日間部-技高生,83,其他
116,招生名額,資訊管理系,四技日間部-普高生,1,其他
116,招生名額,運籌管理系碩士班,日間碩士班,29,其他
116,招生名額,運籌管理系碩士在職專班,碩士在職專班,21,其他
116,招生名額,運籌管理系,四技日間部-技高生,82,其他
116,招生名額,運籌管理系,四技日間部-普高生,2,其他
116,招生名額,科技法律研究所,日間碩士班,22,其他
116,招生名額,科技法律研究所,碩士在職專班,24,其他
116,招生名額,行銷與流通管理系碩士班,日間碩士班,44,其他
116,招生名額,行銷與流通管理系碩士在職專班,碩士在職專班,29,其他
116,招生名額,行銷與流通管理系,四技日間部-技高生,96,其他
116,招生名額,國際企業系博士班,博士班,4,其他
116,招生名額,國際企業系碩士班,日間碩士班,17,其他
116,招生名額,國際企業系碩士在職專班,碩士在職專班,25,其他
116,招生名額,國際企業系,四技日間部-技高生,45,其他
116,招生名額,國際企業系,四技日間部-普高生,1,其他
116,招生名額,國際企業系,四技進修部,16,其他
116,招生名額,國際企業系,二技進修部,35,其他
116,招生名額,企業管理系碩士班,日間碩士班,19,其他
116,招生名額,企業管理系高階經營管理碩士在職專班,碩士在職專班,20,其他
116,招生名額,企業管理系碩士在職專班,碩士在職專班,30,其他
116,招生名額,企業管理系,四技日間部-技高生,44,其他
116,招生名額,企業管理系,四技日間部-普高生,2,其他
116,招生名額,企業管理系,四技進修部,44,其他
116,招生名額,風險管理與保險系碩士班,日間碩士班,18,其他
116,招生名額,風險管理與保險系碩士在職專班,碩士在職專班,20,其他
116,招生名額,風險管理與保險系,四技日間部-技高生,51,其他
116,招生名額,風險管理與保險系,四技日間部-普高生,2,其他
116,招生名額,國際管理碩士學位學程,日間碩士班,7,其他
116,招生名額,商業智慧學院博士班,博士班,6,其他
116,招生名額,高瞻科技不分系學士學位學程,四技日間部-技高生,22,工業領域
116,招生名額,高瞻科技不分系學士學位學程,四技日間部-普高生,20,工業領域
116,招生名額,管理學院博士班,博士班,14,其他
116,招生名額,能源與冷凍空調工程系,四技日間部-技高生,47,工業領域
116,招生名額,能源與冷凍空調工程系,四技日間部-普高生,6,工業領域
116,招生名額,跨域互動設計學士學位學程,四技日間部-技高生,20,其他
116,招生名額,智慧海事技優學士學位學程,四技日間部-技高生,11,農林漁牧領域
116,招生名額,車輛工程系,四技日間部-技高生,35,工業領域
116,招生名額,車輛工程系,四技日間部-普高生,5,工業領域
116,擴充名額,工業工程與管理系博士班,博士班,1,
116,擴充名額,工業工程與管理系碩士在職專班,碩士在職專班,8,
116,擴充名額,工業工程與管理系碩士班,日間碩士班,6,
116,擴充名額,化學工程與材料工程系,四技日間部-技高生,1,
116,擴充名額,化學工程與材料工程系,四技日間部-普高生,1,
116,擴充名額,化學工程與材料工程系博士班,博士班,1,
116,擴充名額,化學工程與材料工程系碩士在職專班,碩士在職專班,7,
116,擴充名額,化學工程與材料工程系碩士班,日間碩士班,10,
116,擴充名額,半導體工程系,四技日間部-技高生,28,
116,擴充名額,半導體工程系碩士在職專班,碩士在職專班,8,
116,擴充名額,半導體工程系碩士班,日間碩士班,23,
116,擴充名額,光電工程研究所,日間碩士班,10,
116,擴充名額,商務資訊應用系,四技日間部-技高生,3,
116,擴充名額,商務資訊應用系碩士班,日間碩士班,2,
116,擴充名額,智慧商務系,四技日間部-技高生,2,
116,擴充名額,智慧商務系碩士在職專班,碩士在職專班,5,
116,擴充名額,智慧商務系碩士班,日間碩士班,5,
116,擴充名額,資訊工程系碩士在職專班,碩士在職專班,4,
116,擴充名額,資訊工程系碩士班,日間碩士班,6,
116,擴充名額,資訊管理系,四技日間部-技高生,1,
116,擴充名額,資訊管理系博士班,博士班,1,
116,擴充名額,資訊管理系電子商務碩士班,日間碩士班,3,
116,擴充名額,資訊管理系碩士在職專班,碩士在職專班,9,
116,擴充名額,資訊管理系碩士班,日間碩士班,5,
116,擴充名額,電子工程系(第一校區),四技日間部-普高生,1,
116,擴充名額,電子工程系博士班(建工校區),博士班,4,
116,擴充名額,電子工程系資訊與數位IC設計組(建工校區),四技日間部-技高生,1,
116,擴充名額,電子工程系電子組(建工校區),四技日間部-技高生,1,
116,擴充名額,電子工程系電信與系統組(建工校區),四技日間部-技高生,1,
116,擴充名額,電子工程系電信與系統組(建工校區),四技日間部-普高生,1,
116,擴充名額,電子工程系碩士在職專班(建工校區),碩士在職專班,7,
116,擴充名額,電子工程系碩士在職專班(第一校區),碩士在職專班,8,
116,擴充名額,電子工程系碩士班(建工校區),日間碩士班,24,
116,擴充名額,電子工程系碩士班(第一校區),日間碩士班,8,
116,擴充名額,電訊工程系,四技日間部-普高生,1,
116,擴充名額,電訊工程系碩士在職專班,碩士在職專班,6,
116,擴充名額,電訊工程系碩士班,日間碩士班,6,
116,擴充名額,電機工程系博士班,博士班,1,
116,擴充名額,模具工程系博士班,博士班,1,
116,擴充名額,模具工程系碩士在職專班,碩士在職專班,4,
116,擴充名額,模具工程系碩士班,日間碩士班,18,
116,擴充名額,輪機工程系,四技日間部-技高生,1,
116,擴充名額,輪機工程系,四技日間部-普高生,1,
116,擴充名額,輪機工程系碩士在職專班,碩士在職專班,8,
116,擴充名額,輪機工程系碩士班,日間碩士班,6,
116,擴充名額,機械工程系,二技進修部,2,
116,擴充名額,機械工程系博士班,博士班,2,
116,擴充名額,機械工程系碩士在職專班,碩士在職專班,9,
116,擴充名額,機械工程系碩士班,日間碩士班,15,
116,擴充名額,機電工程系碩士在職專班,碩士在職專班,6,
116,擴充名額,機電工程系碩士班,日間碩士班,11,
116,外加名額,資訊工程系碩士班,日間碩士班,7,
116,外加名額,電子工程系碩士班(建工校區),日間碩士班,7,
116,外加名額,電子工程系碩士在職專班(建工校區),碩士在職專班,7,
116,外加名額,電機工程系碩士在職專班,碩士在職專班,7,
