學年度,系所名稱,日間/進修,學制班別,總量內核定招生名額(A),新生保留入學資格人數(B),總量內招生核定名額之實際註冊人數(C),境外(新生)學生實際註冊人數 (E),新生註冊率(%)D=〔(C+E)/(A-B+E)〕＊100％
109,金融系,日間,二年制大學(二技),0,0,0,1,100
109,電腦與通訊工程系,日間,二年制大學(二技),0,0,0,1,100
109,電子工程系_電資工程與科技管理外國學生碩士專班,日間,碩士班,0,0,0,21,100
109,工學院_機械工程與科技管理外國學生碩士專班,日間,碩士班,0,0,0,2,100
109,人力資源發展系,日間,學士班(含四技),52,0,52,3,100
109,人力資源發展系,日間,碩士班,20,0,10,0,50
109,人力資源發展系,在職,碩士班,29,0,26,0,89.66
109,土木工程系,日間,學士班(含四技),106,0,106,1,100
109,土木工程系,日間,碩士班,43,0,30,0,69.77
109,土木工程系,進修,二年制大學(二技),35,0,33,0,94.29
109,土木工程系,進修,附設進院,44,0,44,0,100
109,土木工程系土木工程科技博士班,日間,博士班,2,0,2,0,100
109,土木工程系土木工程與防災科技碩士在職專班,在職,碩士班,41,0,37,0,90.24
109,土木工程科,日間,五專,30,0,29,0,96.67
109,工業工程與管理系,日間,學士班(含四技),53,0,51,1,96.3
109,工業工程與管理系,日間,二年制大學(二技),21,0,20,0,95.24
109,工業工程與管理系,日間,博士班,4,0,4,2,100
109,工業工程與管理系,日間,碩士班,27,0,25,6,93.94
109,工業工程與管理系,進修,學士班(含四技),32,0,32,0,100
109,工業工程與管理系,進修,附設進院,48,0,48,0,100
109,工業工程與管理系,在職,碩士班,55,0,39,0,70.91
109,工業設計系,日間,學士班(含四技),30,0,29,3,96.97
109,工業設計系,日間,碩士班,14,0,13,0,92.86
109,工學院工程科技博士班,日間,博士班,18,0,18,0,100
109,化學工程與材料工程系,日間,學士班(含四技),99,0,98,1,99
109,化學工程與材料工程系,日間,博士班,2,0,2,0,100
109,化學工程與材料工程系,日間,碩士班,47,0,47,0,100
109,化學工程與材料工程系,進修,學士班(含四技),45,0,35,0,77.78
109,化學工程與材料工程系,在職,碩士班,33,0,29,0,87.88
109,文化創意產業系,日間,學士班(含四技),48,0,44,1,91.84
109,文化創意產業系,日間,碩士班,15,0,4,0,26.67
109,文化創意產業系,在職,碩士班,15,0,12,0,80
109,水圈學院水產科技產業博士班,日間,博士班,3,0,3,7,100
109,水產食品科學系,日間,學士班(含四技),94,0,90,1,95.79
109,水產食品科學系,日間,碩士班,20,0,16,0,80
109,水產食品科學系,進修,學士班(含四技),55,0,38,0,69.09
109,水產食品科學系,在職,碩士班,15,0,6,0,40
109,水產養殖系,日間,學士班(含四技),90,0,89,0,98.89
109,水產養殖系,日間,碩士班,11,0,11,0,100
109,水產養殖系,進修,學士班(含四技),55,0,19,0,34.55
109,半導體工程系,日間,學士班(含四技),50,0,51,0,100
109,半導體工程系,日間,碩士班,14,0,14,0,100
109,半導體工程系,進修,學士班(含四技),50,0,32,0,64
109,半導體工程系,在職,碩士班,10,0,12,0,100
109,企業管理系,日間,學士班(含四技),46,0,46,6,100
109,企業管理系,日間,碩士班,18,0,13,1,73.68
109,企業管理系,進修,學士班(含四技),47,0,45,0,95.74
109,企業管理系,進修,附設進院,50,0,50,0,100
109,企業管理系,在職,碩士班,30,0,28,0,93.33
109,光電工程研究所,日間,碩士班,35,0,26,0,74.29
109,行銷與流通管理系,日間,學士班(含四技),98,0,96,2,98
109,行銷與流通管理系,日間,碩士班,34,0,23,0,67.65
109,行銷與流通管理系,在職,碩士班,26,0,23,0,88.46
109,行銷與流通管理系連鎖加盟管理碩士班,日間,碩士班,12,0,9,0,75
109,供應鏈管理系,日間,學士班(含四技),52,0,52,7,100
109,供應鏈管理系,日間,碩士班,11,0,6,4,66.67
109,供應鏈管理系,進修,學士班(含四技),43,0,27,0,62.79
109,供應鏈管理系,在職,碩士班,6,0,2,0,33.33
109,金融系,日間,學士班(含四技),94,0,91,1,96.84
109,金融系,日間,碩士班,29,0,23,0,79.31
109,金融系,進修,學士班(含四技),44,0,42,0,95.45
109,金融系,在職,碩士班,32,0,11,0,34.38
109,金融資訊系,日間,學士班(含四技),44,0,41,0,93.18
109,金融資訊系,日間,碩士班,21,0,21,0,100
109,金融資訊系,進修,學士班(含四技),54,0,54,0,100
109,金融資訊系,在職,碩士班,35,0,34,0,97.14
109,科技法律研究所,日間,碩士班,23,0,19,0,82.61
109,科技法律研究所,在職,碩士班,27,0,27,0,100
109,風險管理與保險系,日間,學士班(含四技),53,0,52,1,98.15
109,風險管理與保險系,日間,碩士班,17,0,10,0,58.82
109,風險管理與保險系,在職,碩士班,21,0,16,0,76.19
109,海事風電工程碩士學位學程,日間,碩士班,8,0,7,0,87.5
109,海事資訊科技系,日間,學士班(含四技),41,0,47,0,100
109,海事資訊科技系,日間,碩士班,9,0,4,0,44.44
109,海事資訊科技系,在職,碩士班,12,0,4,0,33.33
109,海事學院海事科技產學合作博士班,日間,博士班,5,0,5,1,100
109,海洋生物技術系,日間,學士班(含四技),49,0,45,0,91.84
109,海洋生物技術系,日間,碩士班,11,0,5,0,45.45
109,海洋休閒管理系,日間,學士班(含四技),41,0,38,5,93.48
109,海洋休閒管理系,日間,碩士班,6,0,6,1,100
109,海洋休閒管理系,進修,學士班(含四技),41,0,36,0,87.8
109,海洋事務與產業管理研究所,日間,碩士班,13,0,7,0,53.85
109,海洋環境工程系,日間,學士班(含四技),50,0,47,0,94
109,海洋環境工程系,日間,碩士班,16,0,10,2,66.67
109,海洋環境工程系,進修,學士班(含四技),54,0,37,0,68.52
109,航海科,日間,五專,50,0,42,0,84
109,航運技術系,日間,學士班(含四技),47,0,45,1,95.83
109,航運技術系,日間,二年制大學(二技),45,0,45,1,100
109,航運技術系,日間,碩士班,10,1,4,0,44.44
109,航運技術系,在職,碩士班,8,0,2,0,25
109,航運管理系,日間,學士班(含四技),86,0,85,0,98.84
109,航運管理系,日間,博士班,3,0,3,0,100
109,航運管理系,日間,碩士班,15,0,11,2,76.47
109,航運管理系,進修,學士班(含四技),30,0,16,0,53.33
109,航運管理系,在職,碩士班,19,0,16,0,84.21
109,財政稅務系,日間,學士班(含四技),52,0,52,0,100
109,財政稅務系,日間,碩士班,20,0,12,0,60
109,財政稅務系,進修,學士班(含四技),35,0,34,0,97.14
109,財政稅務系,進修,二年制大學(二技),20,0,20,0,100
109,財政稅務系,在職,碩士班,45,0,33,0,73.33
109,財務金融學院博士班,日間,博士班,10,0,10,2,100
109,財務管理系,日間,學士班(含四技),43,0,42,0,97.67
109,財務管理系,日間,碩士班,26,0,17,0,65.38
109,財務管理系,在職,碩士班,26,0,24,0,92.31
109,商務資訊應用系,日間,學士班(含四技),90,0,101,1,100
109,商務資訊應用系,日間,碩士班,6,0,3,0,50
109,商業智慧學院博士班,日間,博士班,3,0,3,0,100
109,國際企業系,日間,學士班(含四技),46,0,45,4,98
109,國際企業系,日間,博士班,7,0,7,1,100
109,國際企業系,日間,碩士班,20,0,16,2,81.82
109,國際企業系,進修,學士班(含四技),53,0,40,0,75.47
109,國際企業系,進修,附設進院,29,0,29,0,100
109,國際企業系,在職,碩士班,28,0,23,0,82.14
109,國際管理碩士學位學程,日間,碩士班,10,0,4,13,73.91
109,造船及海洋工程系,日間,學士班(含四技),100,0,97,0,97
109,造船及海洋工程系,日間,碩士班,12,0,8,0,66.67
109,造船及海洋工程系,進修,學士班(含四技),40,0,40,0,100
109,造船及海洋工程系,在職,碩士班,11,0,9,0,81.82
109,創業管理碩士學位學程,日間,碩士班,13,0,9,1,71.43
109,智慧商務系,日間,學士班(含四技),80,0,91,0,100
109,智慧商務系,日間,碩士班,28,0,19,0,67.86
109,智慧商務系,在職,碩士班,34,0,40,0,100
109,會計資訊系,日間,學士班(含四技),92,0,90,1,97.85
109,會計資訊系,日間,碩士班,34,0,24,1,71.43
109,會計資訊系,進修,學士班(含四技),42,0,38,0,90.48
109,會計資訊系,進修,附設進院,42,0,23,0,54.76
109,會計資訊系,在職,碩士班,27,0,15,0,55.56
109,資訊工程系,日間,學士班(含四技),47,0,53,2,100
109,資訊工程系,日間,碩士班,15,0,18,0,100
109,資訊工程系,在職,碩士班,16,0,19,0,100
109,資訊財務碩士學位學程,日間,碩士班,15,0,5,0,33.33
109,資訊管理系,日間,學士班(含四技),85,0,93,8,100
109,資訊管理系,日間,碩士班,26,0,30,2,100
109,資訊管理系,在職,碩士班,19,0,16,0,84.21
109,資訊管理系電子商務碩士班,日間,碩士班,21,0,25,0,100
109,運籌管理系,日間,學士班(含四技),84,0,84,1,100
109,運籌管理系,日間,碩士班,20,0,12,0,60
109,運籌管理系,在職,碩士班,18,0,6,0,33.33
109,運籌管理系商務經營管理碩士在職專班,在職,碩士班,18,0,1,0,5.56
109,運籌管理系商務經營管理碩士班,日間,碩士班,14,0,7,0,50
109,電子工程系(建工校區),日間,學士班(含四技),123,0,139,3,100
109,電子工程系(建工校區),日間,博士班,11,0,10,3,92.86
109,電子工程系(建工校區),日間,碩士班,63,0,68,1,100
109,電子工程系(建工校區),進修,學士班(含四技),66,0,74,0,100
109,電子工程系(建工校區),在職,碩士班,27,0,22,0,81.48
109,電子工程系(第一校區),日間,學士班(含四技),52,0,61,1,100
109,電子工程系(第一校區),日間,碩士班,30,0,22,0,73.33
109,電子工程系(第一校區),在職,碩士班,18,0,17,0,94.44
109,電訊工程系,日間,學士班(含四技),40,0,44,0,100
109,電訊工程系,日間,碩士班,15,0,14,0,93.33
109,電訊工程系,進修,學士班(含四技),92,0,43,0,46.74
109,電腦與通訊工程系,日間,學士班(含四技),92,0,105,4,100
109,電腦與通訊工程系,日間,碩士班,40,0,27,0,67.5
109,電腦與通訊工程系,在職,碩士班,13,0,7,0,53.85
109,電機工程系,日間,學士班(含四技),140,0,152,1,100
109,電機工程系,日間,博士班,6,0,7,1,100
109,電機工程系,日間,碩士班,62,0,54,0,87.1
109,電機工程系,進修,學士班(含四技),54,0,59,0,100
109,電機工程系,進修,附設進院,51,0,51,0,100
109,電機工程系,在職,碩士班,33,0,28,0,84.85
109,電機工程系智慧自動化系統碩士在職專班,在職,碩士班,10,0,8,0,80
109,電機工程系智慧自動化系統碩士班,日間,碩士班,19,0,13,0,68.42
109,漁業科技與管理系,日間,學士班(含四技),50,0,40,0,80
109,漁業科技與管理系,日間,碩士班,8,0,8,2,100
109,漁業科技與管理系,進修,學士班(含四技),42,0,6,0,14.29
109,漁業科技與管理系,在職,碩士班,11,0,10,0,90.91
109,漁業科技與管理科,日間,五專,30,0,11,0,36.67
109,管理學院企業管理高階經營管理碩士在職專班,在職,碩士班,20,0,20,0,100
109,管理學院高階主管經營管理碩士在職專班,在職,碩士班,21,0,21,0,100
109,管理學院博士班,日間,博士班,9,0,9,2,100
109,模具工程系,日間,學士班(含四技),158,0,156,2,98.75
109,模具工程系,日間,二年制大學(二技),18,0,17,0,94.44
109,模具工程系,日間,博士班,2,0,2,0,100
109,模具工程系,日間,碩士班,70,0,45,0,64.29
109,模具工程系,進修,學士班(含四技),46,0,43,0,93.48
109,模具工程系,在職,碩士班,20,0,13,0,65
109,模具工程系應用工程科學碩士在職專班,在職,碩士班,11,0,3,0,27.27
109,模具工程科,日間,五專,30,0,23,0,76.67
109,輪機工程系,日間,學士班(含四技),84,1,72,0,86.75
109,輪機工程系,日間,二年制大學(二技),45,0,34,0,75.56
109,輪機工程系,日間,碩士班,9,0,4,0,44.44
109,輪機工程系,進修,學士班(含四技),57,0,57,0,100
109,輪機工程系,在職,碩士班,16,0,5,0,31.25
109,輪機工程科,日間,五專,50,0,37,0,74
109,機械工程系,日間,學士班(含四技),142,0,139,6,97.97
109,機械工程系,日間,博士班,6,0,6,6,100
109,機械工程系,日間,碩士班,73,0,62,4,85.71
109,機械工程系,進修,學士班(含四技),64,0,64,0,100
109,機械工程系,進修,附設進院,33,0,33,0,100
109,機械工程系,在職,碩士班,32,0,29,0,90.63
109,機電工程系,日間,學士班(含四技),108,0,103,0,95.37
109,機電工程系,日間,碩士班,29,0,20,0,68.97
109,機電工程系,在職,碩士班,17,0,11,0,64.71
109,機電工程系先進製造科技碩士班,日間,碩士班,10,0,6,0,60
109,應用日語系,日間,學士班(含四技),78,1,77,10,100
109,應用日語系,日間,二年制大學(二技),31,0,31,5,100
109,應用日語系,日間,碩士班,11,0,11,1,100
109,應用日語系,在職,碩士班,10,0,10,0,100
109,應用英語系,日間,學士班(含四技),111,0,111,4,100
109,應用英語系,日間,二年制大學(二技),34,0,27,3,81.08
109,應用英語系,進修,附設進院,54,0,42,0,77.78
109,應用英語系口筆譯碩士班,日間,碩士班,16,0,11,0,68.75
109,應用英語系英語專業溝通與教學科技碩士班,日間,碩士班,6,0,0,0,0
109,應用英語系應用語言學與英語教學碩士班,日間,碩士班,17,0,12,3,75
109,應用德語系,日間,學士班(含四技),51,0,51,8,100
109,應用德語系,日間,碩士班,9,0,5,0,55.56
109,營建工程系,日間,學士班(含四技),106,0,102,0,96.23
109,營建工程系,日間,碩士班,21,0,13,0,61.9
109,營建工程系,在職,碩士班,16,0,11,0,68.75
109,環境與安全衛生工程系,日間,學士班(含四技),95,0,93,0,97.89
109,環境與安全衛生工程系,日間,碩士班,39,0,39,0,100
109,環境與安全衛生工程系,在職,碩士班,31,0,29,0,93.55
109,環境與安全衛生工程系消防與防災工程碩士在職專班,在職,碩士班,9,0,6,0,66.67
109,觀光管理系,日間,學士班(含四技),35,0,35,1,100
109,觀光管理系,進修,學士班(含四技),48,0,44,0,91.67
109,觀光管理系,進修,附設進院,29,0,27,0,93.1
109,觀光管理系觀光與餐旅管理碩士班,日間,碩士班,13,0,9,2,73.33
109,觀光管理系觀光與餐旅管理碩士班,在職,碩士班,32,0,22,0,68.75
110,財務管理系,日間,二年制大學(二技),0,0,0,1,100
110,管理學院博士班,日間,博士班,0,0,0,1,100
110,資訊管理系,日間,二年制大學(二技),0,0,0,5,100
110,電腦與通訊工程系,日間,二年制大學(二技),0,0,0,2,100
110,營建工程系,日間,二年制大學(二技),0,0,0,1,100
110,人力資源發展系,日間,學士班(含四技),52,0,52,1,100
110,人力資源發展系,在職,碩士班,29,0,29,0,100
110,人力資源發展系,日間,碩士班,21,0,17,0,80.95
110,土木工程系,日間,學士班(含四技),108,0,105,2,97.27
110,土木工程系,進修,二年制大學(二技),35,0,34,0,97.14
110,土木工程系,進修,附設進院,44,0,44,0,100
110,土木工程系土木工程科技博士班,日間,博士班,2,0,2,0,100
110,土木工程系土木工程與防災科技碩士在職專班,在職,碩士班,41,0,28,0,68.29
110,土木工程系,日間,碩士班,43,0,18,2,44.44
110,土木工程科,日間,五專,30,0,24,0,80
110,工業工程與管理系,日間,學士班(含四技),53,0,51,1,96.3
110,工業工程與管理系,日間,二年制大學(二技),21,0,12,1,59.09
110,工業工程與管理系,進修,學士班(含四技),32,0,32,0,100
110,工業工程與管理系,進修,附設進院,48,0,44,0,91.67
110,工業工程與管理系,日間,博士班,4,0,4,6,100
110,工業工程與管理系,在職,碩士班,55,0,43,0,78.18
110,工業工程與管理系,日間,碩士班,27,0,20,5,78.13
110,工業設計系,日間,學士班(含四技),30,0,30,3,100
110,工業設計系,日間,碩士班,14,0,10,0,71.43
110,工學院工程科技博士班,日間,博士班,12,0,12,1,100
110,化學工程與材料工程系,日間,學士班(含四技),101,0,110,5,100
110,化學工程與材料工程系,進修,學士班(含四技),46,0,35,0,76.09
110,化學工程與材料工程系,日間,博士班,2,0,2,0,100
110,化學工程與材料工程系,在職,碩士班,33,0,31,0,93.94
110,化學工程與材料工程系,日間,碩士班,47,0,42,2,89.8
110,文化創意產業系,日間,學士班(含四技),48,0,45,1,93.88
110,文化創意產業系,在職,碩士班,15,0,12,0,80
110,文化創意產業系,日間,碩士班,16,0,10,1,64.71
110,水圈學院水產科技產業博士班,日間,博士班,3,0,3,8,100
110,水產食品科學系,日間,學士班(含四技),94,0,93,1,98.95
110,水產食品科學系,進修,學士班(含四技),55,0,50,0,90.91
110,水產食品科學系,在職,碩士班,15,0,11,0,73.33
110,水產食品科學系,日間,碩士班,20,0,19,0,95
110,水產養殖系,日間,學士班(含四技),90,0,82,3,91.4
110,水產養殖系,進修,學士班(含四技),55,0,21,0,38.18
110,水產養殖系,日間,碩士班,11,0,11,0,100
110,半導體工程系,日間,學士班(含四技),50,0,98,0,100
110,半導體工程系,進修,學士班(含四技),50,0,34,0,68
110,半導體工程系,在職,碩士班,10,0,12,0,100
110,半導體工程系,日間,碩士班,14,0,18,0,100
110,企業管理系,日間,學士班(含四技),46,0,46,4,100
110,企業管理系,進修,學士班(含四技),47,0,46,0,97.87
110,企業管理系,進修,附設進院,50,0,50,0,100
110,企業管理系,在職,碩士班,30,0,30,0,100
110,企業管理系,日間,碩士班,18,0,18,6,100
110,光電工程研究所,日間,碩士班,35,0,16,0,45.71
110,行銷與流通管理系,日間,學士班(含四技),98,0,97,3,99.01
110,行銷與流通管理系連鎖加盟管理碩士班,日間,碩士班,13,0,4,0,30.77
110,行銷與流通管理系,在職,碩士班,26,0,26,0,100
110,行銷與流通管理系,日間,碩士班,34,0,29,1,85.71
110,供應鏈管理系,日間,學士班(含四技),52,0,52,4,100
110,供應鏈管理系,進修,學士班(含四技),43,0,20,0,46.51
110,供應鏈管理系,在職,碩士班,6,0,2,0,33.33
110,供應鏈管理系,日間,碩士班,11,0,5,20,80.65
110,金融系,日間,學士班(含四技),94,0,93,3,98.97
110,金融系,進修,學士班(含四技),48,0,42,0,87.5
110,金融系,在職,碩士班,32,0,32,0,100
110,金融系,日間,碩士班,32,0,26,1,81.82
110,金融資訊系,日間,學士班(含四技),42,0,38,0,90.48
110,金融資訊系,進修,學士班(含四技),54,0,52,0,96.3
110,金融資訊系,在職,碩士班,35,0,35,0,100
110,金融資訊系,日間,碩士班,21,0,21,0,100
110,科技法律研究所,日間,碩士班,24,0,20,0,83.33
110,科技法律研究所,在職,碩士班,27,0,27,0,100
110,風險管理與保險系,日間,學士班(含四技),53,0,52,0,98.11
110,風險管理與保險系,在職,碩士班,21,0,21,0,100
110,風險管理與保險系,日間,碩士班,19,0,13,0,68.42
110,海事風電工程碩士學位學程,日間,碩士班,8,0,4,0,50
110,海事資訊科技系,日間,學士班(含四技),41,0,43,0,100
110,海事資訊科技系,在職,碩士班,12,0,4,0,33.33
110,海事資訊科技系,日間,碩士班,9,0,8,0,88.89
110,海事學院海事科技產學合作博士班,日間,博士班,5,0,5,1,100
110,海洋生物技術系,日間,學士班(含四技),49,0,47,0,95.92
110,海洋生物技術系,日間,碩士班,11,0,10,0,90.91
110,海洋休閒管理系,日間,學士班(含四技),41,0,37,4,91.11
110,海洋休閒管理系,進修,學士班(含四技),37,0,35,0,94.59
110,海洋休閒管理系,日間,碩士班,6,0,5,1,85.71
110,海洋事務與產業管理研究所,日間,碩士班,13,0,10,0,76.92
110,海洋環境工程系,日間,學士班(含四技),50,0,46,0,92
110,海洋環境工程系,進修,學士班(含四技),54,0,29,0,53.7
110,海洋環境工程系,日間,碩士班,16,0,11,1,70.59
110,航海科,日間,五專,50,0,45,0,90
110,航運技術系,日間,學士班(含四技),47,0,44,0,93.62
110,航運技術系,日間,二年制大學(二技),45,0,42,1,93.48
110,航運技術系,在職,碩士班,8,0,2,0,25
110,航運技術系,日間,碩士班,10,0,6,0,60
110,航運管理系,日間,學士班(含四技),84,0,84,1,100
110,航運管理系,進修,學士班(含四技),30,0,24,0,80
110,航運管理系,日間,博士班,3,0,2,0,66.67
110,航運管理系,在職,碩士班,19,0,19,0,100
110,航運管理系,日間,碩士班,16,0,15,0,93.75
110,財政稅務系,日間,學士班(含四技),50,0,48,0,96
110,財政稅務系,進修,學士班(含四技),35,2,31,0,93.94
110,財政稅務系,進修,二年制大學(二技),20,0,19,0,95
110,財政稅務系,在職,碩士班,45,0,39,0,86.67
110,財政稅務系,日間,碩士班,20,0,12,0,60
110,財務管理系,日間,學士班(含四技),39,0,38,4,97.67
110,財務管理系,在職,碩士班,26,0,12,0,46.15
110,財務管理系,日間,碩士班,28,0,17,2,63.33
110,高瞻科技不分系學士學位學程,日間,學士班(含四技),16,0,16,0,100
110,商務資訊應用系,日間,學士班(含四技),90,0,101,1,100
110,商務資訊應用系,日間,碩士班,6,0,1,2,37.5
110,商業智慧學院博士班,日間,博士班,6,0,5,8,92.86
110,國際企業系,日間,學士班(含四技),46,0,45,14,98.33
110,國際企業系,進修,學士班(含四技),53,0,48,0,90.57
110,國際企業系,進修,附設進院,29,0,27,0,93.1
110,國際企業系,日間,博士班,4,0,4,8,100
110,國際企業系,在職,碩士班,28,0,28,0,100
110,國際企業系,日間,碩士班,20,0,19,2,95.45
110,國際管理碩士學位學程,日間,碩士班,10,0,5,39,89.8
110,造船及海洋工程系,日間,學士班(含四技),100,0,98,0,98
110,造船及海洋工程系,進修,學士班(含四技),40,0,27,0,67.5
110,造船及海洋工程系,在職,碩士班,12,0,11,0,91.67
110,造船及海洋工程系,日間,碩士班,12,0,12,0,100
110,創業管理碩士學位學程,日間,碩士班,12,0,5,0,41.67
110,智慧商務系,日間,學士班(含四技),80,0,95,2,100
110,智慧商務系,在職,碩士班,34,0,34,0,100
110,智慧商務系,日間,碩士班,29,0,33,1,100
110,會計資訊系,日間,學士班(含四技),90,0,87,1,96.7
110,會計資訊系,進修,學士班(含四技),42,0,38,0,90.48
110,會計資訊系,進修,附設進院,42,0,21,0,50
110,會計資訊系,在職,碩士班,27,0,7,0,25.93
110,會計資訊系,日間,碩士班,35,1,20,1,60
110,資訊工程系,日間,學士班(含四技),47,0,52,8,100
110,資訊工程系,在職,碩士班,16,0,15,0,93.75
110,資訊工程系,日間,碩士班,15,0,24,2,100
110,資訊管理系,日間,學士班(含四技),85,0,93,5,100
110,資訊管理系電子商務碩士班,日間,碩士班,21,0,26,1,100
110,資訊管理系,在職,碩士班,19,0,19,0,100
110,資訊管理系,日間,碩士班,26,0,32,0,100
110,運籌管理系,日間,學士班(含四技),82,0,81,4,98.84
110,運籌管理系商務經營管理碩士在職專班,在職,碩士班,18,0,6,0,33.33
110,運籌管理系商務經營管理碩士班,日間,碩士班,15,0,4,1,31.25
110,運籌管理系,在職,碩士班,18,0,11,0,61.11
110,運籌管理系,日間,碩士班,21,0,7,1,36.36
110,電子工程系(建工校區),日間,學士班(含四技),123,0,136,10,100
110,電子工程系(建工校區),進修,學士班(含四技),67,0,77,0,100
110,電子工程系(第一校區),日間,學士班(含四技),52,0,51,0,98.08
110,電子工程系(建工校區),日間,博士班,16,0,13,2,83.33
110,電子工程系(建工校區),在職,碩士班,27,0,20,0,74.07
110,電子工程系(第一校區),在職,碩士班,18,0,12,0,66.67
110,電子工程系(建工校區),日間,碩士班,63,0,73,0,100
110,電子工程系(第一校區),日間,碩士班,30,0,27,2,90.63
110,電訊工程系,日間,學士班(含四技),40,0,43,0,100
110,電訊工程系,進修,學士班(含四技),92,0,48,0,52.17
110,電訊工程系,日間,碩士班,15,0,17,0,100
110,電腦與通訊工程系,日間,學士班(含四技),92,1,100,1,100
110,電腦與通訊工程系,在職,碩士班,13,0,4,0,30.77
110,電腦與通訊工程系,日間,碩士班,40,0,32,0,80
110,電機工程系,日間,學士班(含四技),140,0,137,5,97.93
110,電機工程系,進修,學士班(含四技),55,0,52,0,94.55
110,電機工程系,進修,附設進院,51,0,56,0,100
110,電機工程系,日間,博士班,7,0,6,2,88.89
110,電機工程系智慧自動化系統碩士在職專班,在職,碩士班,10,0,10,0,100
110,電機工程系智慧自動化系統碩士班,日間,碩士班,19,0,14,1,75
110,電機工程系,在職,碩士班,33,0,33,0,100
110,電機工程系,日間,碩士班,62,0,45,0,72.58
110,漁業科技與管理系,日間,學士班(含四技),50,0,48,0,96
110,漁業科技與管理系,在職,碩士班,11,0,5,0,45.45
110,漁業科技與管理系,日間,碩士班,8,0,6,0,75
110,漁業科技與管理科,日間,五專,30,0,17,0,56.67
110,管理學院企業管理高階經營管理碩士在職專班,在職,碩士班,20,0,20,0,100
110,管理學院高階主管經營管理碩士在職專班,在職,碩士班,21,0,21,0,100
110,管理學院博士班財金組,日間,博士班,10,0,10,0,100
110,管理學院博士班管理組,日間,博士班,9,0,9,1,100
110,模具工程系,日間,學士班(含四技),158,0,156,0,98.73
110,模具工程系,日間,二年制大學(二技),18,0,17,1,94.74
110,模具工程系,進修,學士班(含四技),47,0,52,0,100
110,模具工程系,日間,博士班,2,0,2,0,100
110,模具工程系,在職,碩士班,20,0,12,0,60
110,模具工程系,日間,碩士班,70,0,58,0,82.86
110,模具工程系應用工程科學碩士在職專班,在職,碩士班,11,0,8,0,72.73
110,模具工程科,日間,五專,30,0,22,0,73.33
110,輪機工程系,日間,學士班(含四技),84,0,83,0,98.81
110,輪機工程系,日間,二年制大學(二技),45,0,29,0,64.44
110,輪機工程系,進修,學士班(含四技),57,0,53,0,92.98
110,輪機工程系,在職,碩士班,16,0,15,0,93.75
110,輪機工程系,日間,碩士班,9,0,8,0,88.89
110,輪機工程科,日間,五專,50,0,41,0,82
110,機械工程系,日間,學士班(含四技),142,0,155,5,100
110,機械工程系,進修,學士班(含四技),65,0,64,0,98.46
110,機械工程系,進修,附設進院,33,0,32,0,96.97
110,機械工程系,日間,博士班,6,0,7,6,100
110,機械工程系,在職,碩士班,32,0,30,0,93.75
110,機械工程系,日間,碩士班,73,0,63,5,87.18
110,機電工程系,日間,學士班(含四技),108,0,104,0,96.3
110,機電工程系,在職,碩士班,17,0,13,0,76.47
110,機電工程系,日間,碩士班,39,0,31,0,79.49
110,應用日語系,日間,學士班(含四技),78,0,77,3,98.77
110,應用日語系,日間,二年制大學(二技),31,0,29,6,94.59
110,應用日語系,在職,碩士班,10,0,10,0,100
110,應用日語系,日間,碩士班,11,0,11,0,100
110,應用英語系,日間,學士班(含四技),109,0,109,1,100
110,應用英語系,日間,二年制大學(二技),34,0,26,1,77.14
110,應用英語系,進修,附設進院,54,0,47,0,87.04
110,應用英語系口筆譯碩士班,日間,碩士班,15,0,11,2,76.47
110,應用英語系應用語言學與英語教學碩士班,日間,碩士班,22,0,11,10,65.63
110,應用德語系,日間,學士班(含四技),51,0,51,1,100
110,應用德語系,日間,碩士班,9,0,5,0,55.56
110,營建工程系,日間,學士班(含四技),106,0,103,0,97.17
110,營建工程系,日間,碩士班,21,0,20,0,95.24
110,營建工程系營建工程與管理碩士在職專班,在職,碩士班,16,0,16,0,100
110,環境與安全衛生工程系,日間,學士班(含四技),95,0,94,0,98.95
110,環境與安全衛生工程系消防與防災工程碩士在職專班,在職,碩士班,9,0,9,0,100
110,環境與安全衛生工程系,在職,碩士班,31,0,31,0,100
110,環境與安全衛生工程系,日間,碩士班,39,0,39,4,100
110,觀光管理系,日間,學士班(含四技),31,0,31,5,100
110,觀光管理系,進修,學士班(含四技),43,0,25,0,58.14
110,觀光管理系,進修,附設進院,29,0,26,0,89.66
110,觀光管理系觀光與餐旅管理碩士在職專班,在職,碩士班,32,0,26,0,81.25
110,觀光管理系觀光與餐旅管理碩士班,日間,碩士班,13,0,9,3,75
111,人力資源發展系,日間,學士班(含四技),53,0,52,0,98.11
111,人力資源發展系,在職,碩士班,29,0,29,0,100
111,人力資源發展系,日間,碩士班,24,0,23,0,95.83
111,土木工程系,日間,學士班(含四技),108,0,108,0,100
111,土木工程系,進修,二年制大學(二技),35,0,35,0,100
111,土木工程系,進修,附設進院,44,0,44,0,100
111,土木工程系土木工程科技博士班,日間,博士班,2,0,2,1,100
111,土木工程系土木工程與防災科技碩士在職專班,在職,碩士班,41,0,41,0,100
111,土木工程系,日間,碩士班,38,0,25,1,66.67
111,土木工程科,日間,五專,30,0,28,0,93.33
111,工業工程與管理系,日間,學士班(含四技),53,0,51,1,96.3
111,工業工程與管理系,日間,二年制大學(二技),21,0,11,1,54.55
111,工業工程與管理系,進修,學士班(含四技),32,0,31,0,96.88
111,工業工程與管理系,進修,附設進院,48,0,39,0,81.25
111,工業工程與管理系,日間,博士班,4,0,4,6,100
111,工業工程與管理系,在職,碩士班,55,0,55,0,100
111,工業工程與管理系,日間,碩士班,27,0,19,0,70.37
111,工業設計系,日間,學士班(含四技),30,0,30,3,100
111,工業設計系,日間,碩士班,14,0,8,0,57.14
111,工學院工程科技博士班,日間,博士班,12,0,11,0,91.67
111,資訊管理系,日間,二年制大學(二技),0,0,0,1,100
111,電腦與通訊工程系,日間,二年制大學(二技),0,0,0,1,100
111,化學工程與材料工程系,日間,學士班(含四技),91,0,91,1,100
111,化學工程與材料工程系,進修,學士班(含四技),46,0,21,0,45.65
111,化學工程與材料工程系,日間,博士班,2,0,2,0,100
111,化學工程與材料工程系,在職,碩士班,31,0,26,0,83.87
111,化學工程與材料工程系,日間,碩士班,47,0,46,0,97.87
111,文化創意產業系,日間,學士班(含四技),48,1,47,2,100
111,文化創意產業系,在職,碩士班,15,0,13,0,86.67
111,文化創意產業系,日間,碩士班,13,0,11,0,84.62
111,水圈學院水產科技產業博士班,日間,博士班,3,0,3,6,100
111,水產食品科學系,日間,學士班(含四技),94,0,96,0,100
111,水產食品科學系,進修,學士班(含四技),55,0,32,0,58.18
111,水產食品科學系,在職,碩士班,15,0,10,0,66.67
111,水產食品科學系,日間,碩士班,20,0,20,1,100
111,水產養殖系,日間,學士班(含四技),90,0,77,3,86.02
111,水產養殖系,進修,學士班(含四技),55,0,15,0,27.27
111,水產養殖系,日間,碩士班,11,0,9,0,81.82
111,半導體工程系,日間,學士班(含四技),50,0,96,0,100
111,半導體工程系,進修,學士班(含四技),50,0,46,0,92
111,半導體工程系,在職,碩士班,13,0,19,0,100
111,半導體工程系,日間,碩士班,14,0,17,0,100
111,企業管理系,日間,學士班(含四技),44,0,43,6,98
111,企業管理系,進修,學士班(含四技),47,0,46,0,97.87
111,企業管理系,進修,附設進院,50,0,41,0,82
111,企業管理系,在職,碩士班,30,0,30,0,100
111,企業管理系,日間,碩士班,17,0,11,1,66.67
111,光電工程研究所,日間,碩士班,35,0,32,0,91.43
111,行銷與流通管理系,日間,學士班(含四技),98,0,99,3,100
111,行銷與流通管理系,在職,碩士班,26,0,26,0,100
111,行銷與流通管理系,日間,碩士班,46,0,32,1,70.21
111,供應鏈管理系,日間,學士班(含四技),53,0,53,2,100
111,供應鏈管理系,進修,學士班(含四技),43,1,11,0,26.19
111,供應鏈管理系,在職,碩士班,6,0,3,0,50
111,供應鏈管理系,日間,碩士班,12,0,8,2,71.43
111,金融系,日間,學士班(含四技),94,0,95,1,100
111,金融系,進修,學士班(含四技),48,0,21,0,43.75
111,金融系,在職,碩士班,32,0,27,0,84.38
111,金融系,日間,碩士班,31,0,31,2,100
111,金融資訊系,日間,學士班(含四技),42,0,42,0,100
111,金融資訊系,進修,學士班(含四技),54,0,51,0,94.44
111,金融資訊系,在職,碩士班,35,0,31,0,88.57
111,金融資訊系,日間,碩士班,21,0,21,0,100
111,科技法律研究所,日間,碩士班,24,0,21,0,87.5
111,科技法律研究所,在職,碩士班,27,0,23,0,85.19
111,風險管理與保險系,日間,學士班(含四技),53,0,53,1,100
111,風險管理與保險系,在職,碩士班,21,0,12,0,57.14
111,風險管理與保險系,日間,碩士班,19,0,13,1,70
111,海事風電工程碩士學位學程,日間,碩士班,8,0,5,0,62.5
111,海事資訊科技系,日間,學士班(含四技),41,0,45,0,100
111,海事資訊科技系,在職,碩士班,12,0,5,0,41.67
111,海事資訊科技系,日間,碩士班,9,0,8,0,88.89
111,海事學院海事科技產學合作博士班,日間,博士班,5,0,5,0,100
111,海洋生物技術系,日間,學士班(含四技),49,0,46,1,94
111,海洋生物技術系,日間,碩士班,11,0,6,0,54.55
111,海洋休閒管理系,日間,學士班(含四技),41,0,40,4,97.78
111,海洋休閒管理系,進修,學士班(含四技),37,0,15,0,40.54
111,海洋休閒管理系,日間,碩士班,6,0,6,1,100
111,海洋事務與產業管理研究所,日間,碩士班,13,0,10,0,76.92
111,海洋環境工程系,日間,學士班(含四技),50,1,49,0,100
111,海洋環境工程系,進修,學士班(含四技),54,0,21,0,38.89
111,海洋環境工程系,日間,碩士班,16,0,16,0,100
111,能源與冷凍空調工程系,日間,學士班(含四技),25,0,25,0,100
111,航海科,日間,五專,50,0,49,0,98
111,航運技術系,日間,學士班(含四技),47,0,46,1,97.92
111,航運技術系,日間,二年制大學(二技),45,0,40,0,88.89
111,航運技術系,在職,碩士班,8,0,1,0,12.5
111,航運技術系,日間,碩士班,10,0,5,0,50
111,航運管理系,日間,學士班(含四技),84,0,85,2,100
111,航運管理系,進修,學士班(含四技),30,0,25,0,83.33
111,航運管理系,日間,博士班,3,0,3,2,100
111,航運管理系,在職,碩士班,19,0,17,0,89.47
111,航運管理系,日間,碩士班,16,0,12,1,76.47
111,財政稅務系,日間,學士班(含四技),50,0,49,0,98
111,財政稅務系,進修,學士班(含四技),35,1,19,0,55.88
111,財政稅務系,進修,二年制大學(二技),20,0,16,0,80
111,財政稅務系,在職,碩士班,45,0,34,0,75.56
111,財政稅務系,日間,碩士班,21,0,9,0,42.86
111,財務管理系,日間,學士班(含四技),39,0,37,2,95.12
111,財務管理系,在職,碩士班,26,0,19,0,73.08
111,財務管理系,日間,碩士班,28,0,27,1,96.55
111,高瞻科技不分系學士學位學程,日間,學士班(含四技),21,0,18,0,85.71
111,商務資訊應用系,日間,學士班(含四技),91,2,95,0,100
111,商務資訊應用系,日間,碩士班,6,0,4,0,66.67
111,商業智慧學院博士班,日間,博士班,6,0,6,4,100
111,國際企業系,日間,學士班(含四技),46,0,44,6,96.15
111,國際企業系,進修,學士班(含四技),53,0,34,0,64.15
111,國際企業系,進修,附設進院,29,0,15,0,51.72
111,國際企業系,日間,博士班,4,0,4,1,100
111,國際企業系,在職,碩士班,28,0,14,0,50
111,國際企業系,日間,碩士班,21,0,12,0,57.14
111,國際管理碩士學位學程,日間,碩士班,10,0,9,4,92.86
111,造船及海洋工程系,日間,學士班(含四技),100,0,99,0,99
111,造船及海洋工程系,進修,學士班(含四技),40,0,31,0,77.5
111,造船及海洋工程系,在職,碩士班,12,0,8,0,66.67
111,造船及海洋工程系,日間,碩士班,12,0,8,0,66.67
111,創業管理碩士學位學程,日間,碩士班,11,0,9,0,81.82
111,智慧商務系,日間,學士班(含四技),78,0,79,1,100
111,智慧商務系,在職,碩士班,34,0,26,0,76.47
111,智慧商務系,日間,碩士班,28,0,22,2,80
111,會計資訊系,日間,學士班(含四技),90,0,91,2,100
111,會計資訊系,進修,學士班(含四技),47,0,29,0,61.7
111,會計資訊系,進修,附設進院,32,0,30,0,93.75
111,會計資訊系,在職,碩士班,27,0,15,0,55.56
111,會計資訊系,日間,碩士班,36,0,25,1,70.27
111,資訊工程系,日間,學士班(含四技),47,1,46,6,100
111,資訊工程系,在職,碩士班,16,0,16,0,100
111,資訊工程系,日間,碩士班,15,0,15,0,100
111,資訊管理系,日間,學士班(含四技),83,1,82,3,100
111,資訊管理系電子商務碩士班,日間,碩士班,21,0,19,0,90.48
111,資訊管理系,在職,碩士班,19,0,17,0,89.47
111,資訊管理系,日間,碩士班,26,0,26,0,100
111,運籌管理系,日間,學士班(含四技),82,0,84,3,100
111,運籌管理系商務經營管理碩士在職專班,在職,碩士班,18,0,9,0,50
111,運籌管理系商務經營管理碩士班,日間,碩士班,14,0,6,1,46.67
111,運籌管理系,在職,碩士班,18,0,12,0,66.67
111,運籌管理系,日間,碩士班,21,0,13,0,61.9
111,電子工程系(建工校區),日間,學士班(含四技),123,0,120,2,97.6
111,電子工程系(建工校區),進修,學士班(含四技),67,0,67,0,100
111,電子工程系(第一校區),日間,學士班(含四技),52,0,58,0,100
111,電子工程系(建工校區),日間,博士班,16,0,11,0,68.75
111,電子工程系(建工校區),在職,碩士班,27,0,25,0,92.59
111,電子工程系(第一校區),在職,碩士班,18,0,12,0,66.67
111,電子工程系(建工校區),日間,碩士班,63,0,63,11,100
111,電子工程系(第一校區),日間,碩士班,30,0,35,0,100
111,電訊工程系,日間,學士班(含四技),40,0,39,0,97.5
111,電訊工程系,進修,學士班(含四技),43,1,32,0,76.19
111,電訊工程系,在職,碩士班,15,0,17,0,100
111,電訊工程系,日間,碩士班,15,0,7,0,46.67
111,電腦與通訊工程系,日間,學士班(含四技),92,0,101,0,100
111,電腦與通訊工程系,在職,碩士班,10,0,6,0,60
111,電腦與通訊工程系,日間,碩士班,40,0,39,0,97.5
111,電機工程系,日間,學士班(含四技),140,0,147,0,100
111,電機工程系,進修,學士班(含四技),57,0,48,0,84.21
111,電機工程系,進修,附設進院,51,0,56,0,100
111,電機工程系,日間,博士班,7,0,3,1,50
111,電機工程系智慧自動化系統碩士在職專班,在職,碩士班,10,0,11,0,100
111,電機工程系智慧自動化系統碩士班,日間,碩士班,19,0,23,0,100
111,電機工程系,在職,碩士班,33,0,40,0,100
111,電機工程系,日間,碩士班,62,0,58,0,93.55
111,漁業科技與管理系,日間,學士班(含四技),50,0,48,0,96
111,漁業科技與管理系,在職,碩士班,11,0,2,0,18.18
111,漁業科技與管理系,日間,碩士班,8,0,7,0,87.5
111,漁業科技與管理科,日間,五專,30,0,13,0,43.33
111,管理學院企業管理高階經營管理碩士在職專班,在職,碩士班,20,0,20,0,100
111,管理學院高階主管經營管理碩士在職專班,在職,碩士班,21,0,21,0,100
111,管理學院博士班財金組,日間,博士班,7,0,7,2,100
111,管理學院博士班管理組,日間,博士班,12,0,12,0,100
111,模具工程系,日間,學士班(含四技),158,0,168,0,100
111,模具工程系,日間,二年制大學(二技),18,0,20,0,100
111,模具工程系,進修,學士班(含四技),47,0,43,0,91.49
111,模具工程系,日間,博士班,2,0,3,0,100
111,模具工程系,在職,碩士班,20,0,20,0,100
111,模具工程系,日間,碩士班,70,0,66,1,94.37
111,模具工程系應用工程科學碩士在職專班,在職,碩士班,11,0,3,0,27.27
111,模具工程科,日間,五專,30,0,29,0,96.67
111,輪機工程系,日間,學士班(含四技),84,1,84,0,100
111,輪機工程系,日間,二年制大學(二技),45,0,34,0,75.56
111,輪機工程系,進修,學士班(含四技),57,0,50,0,87.72
111,輪機工程系,在職,碩士班,16,0,7,0,43.75
111,輪機工程系,日間,碩士班,9,0,4,0,44.44
111,輪機工程科,日間,五專,50,0,50,1,100
111,機械工程系,日間,學士班(含四技),142,1,141,0,100
111,機械工程系,進修,學士班(含四技),67,0,52,0,77.61
111,機械工程系,進修,附設進院,33,0,23,0,69.7
111,機械工程系,日間,博士班,6,0,6,6,100
111,機械工程系,在職,碩士班,32,0,32,0,100
111,機械工程系,日間,碩士班,73,0,68,1,93.24
111,機電工程系,日間,學士班(含四技),98,0,107,0,100
111,機電工程系,在職,碩士班,14,0,18,0,100
111,機電工程系,日間,碩士班,39,0,42,0,100
111,應用日語系,日間,學士班(含四技),76,0,78,1,100
111,應用日語系,日間,二年制大學(二技),31,0,28,3,91.18
111,應用日語系,在職,碩士班,10,0,8,0,80
111,應用日語系,日間,碩士班,10,0,10,0,100
111,應用英語系,日間,學士班(含四技),104,0,103,2,99.06
111,應用英語系,日間,二年制大學(二技),34,0,27,0,79.41
111,應用英語系,進修,附設進院,54,0,27,0,50
111,應用英語系口筆譯碩士班,日間,碩士班,16,0,16,1,100
111,應用英語系應用語言學與英語教學碩士班,日間,碩士班,23,0,15,1,66.67
111,應用德語系,日間,學士班(含四技),51,0,50,1,98.08
111,應用德語系,日間,碩士班,9,0,5,0,55.56
111,營建工程系,日間,學士班(含四技),106,0,104,0,98.11
111,營建工程系,日間,碩士班,21,0,19,0,90.48
111,營建工程系營建工程與管理碩士在職專班,在職,碩士班,16,0,16,0,100
111,環境與安全衛生工程系,日間,學士班(含四技),95,1,95,0,100
111,環境與安全衛生工程系,在職,碩士班,45,0,45,0,100
111,環境與安全衛生工程系,日間,碩士班,44,0,44,1,100
111,觀光管理系,日間,學士班(含四技),31,0,30,7,97.37
111,觀光管理系,進修,學士班(含四技),39,0,28,0,71.79
111,觀光管理系,進修,附設進院,29,0,14,0,48.28
111,觀光管理系觀光與餐旅管理碩士在職專班,在職,碩士班,32,0,24,0,75
111,觀光管理系觀光與餐旅管理碩士班,日間,碩士班,13,0,13,1,100
112,文化創意產業系,日間,學士班(含四技),47,0,46,0,97.87
112,文化創意產業系,在職,碩士班,15,0,15,0,100
112,文化創意產業系,日間,碩士班,16,0,14,0,87.5
112,工業設計系,日間,學士班(含四技),30,0,29,1,96.77
112,工業設計系,日間,碩士班,14,0,9,0,64.29
112,應用英語系,日間,學士班(含四技),103,0,100,1,97.12
112,應用英語系,日間,二年制大學(二技),34,0,15,0,44.12
112,應用英語系,進修,二年制大學(二技),54,0,28,0,51.85
112,應用英語系口筆譯碩士班,日間,碩士班,16,0,12,0,75
112,應用英語系應用語言學與英語教學碩士班,日間,碩士班,23,0,6,4,37.04
112,應用德語系,日間,學士班(含四技),52,0,52,0,100
112,應用德語系,日間,碩士班,9,0,3,0,33.33
112,應用日語系,日間,學士班(含四技),77,0,77,3,100
112,應用日語系,日間,二年制大學(二技),31,0,19,0,61.29
112,應用日語系,在職,碩士班,10,0,6,0,60
112,應用日語系,日間,碩士班,12,0,11,2,92.86
112,會計資訊系,日間,學士班(含四技),91,0,89,1,97.83
112,會計資訊系,進修,學士班(含四技),48,0,31,0,64.58
112,會計資訊系,進修,二年制大學(二技),34,0,17,0,50
112,會計資訊系,在職,碩士班,27,0,11,0,40.74
112,會計資訊系,日間,碩士班,35,0,13,0,37.14
112,金融資訊系,日間,學士班(含四技),42,0,42,0,100
112,金融資訊系,進修,學士班(含四技),54,1,50,0,94.34
112,金融資訊系,在職,碩士班,35,0,23,0,65.71
112,金融資訊系,日間,碩士班,21,0,21,0,100
112,財務管理系,日間,學士班(含四技),40,0,39,2,97.62
112,財務管理系,在職,碩士班,26,0,18,0,69.23
112,財務管理系,日間,碩士班,28,0,22,3,80.65
112,金融系,日間,學士班(含四技),93,0,92,0,98.92
112,金融系,進修,學士班(含四技),48,0,18,0,37.5
112,金融系,在職,碩士班,32,0,25,0,78.13
112,金融系,日間,碩士班,31,0,31,0,100
112,財政稅務系,日間,學士班(含四技),50,0,48,0,96
112,財政稅務系,進修,學士班(含四技),38,0,22,0,57.89
112,財政稅務系,進修,二年制大學(二技),24,0,19,0,79.17
112,財政稅務系,在職,碩士班,45,0,30,0,66.67
112,財政稅務系,日間,碩士班,20,0,12,0,60
112,風險管理與保險系,日間,學士班(含四技),52,0,51,0,98.08
112,風險管理與保險系,在職,碩士班,21,0,7,0,33.33
112,風險管理與保險系,日間,碩士班,19,0,11,0,57.89
112,智慧商務系,在職,碩士班,34,0,33,0,97.06
112,國際管理碩士學位學程,日間,碩士班,9,0,3,2,45.45
112,創業管理碩士學位學程,日間,碩士班,11,0,5,0,45.45
112,企業管理系,日間,學士班(含四技),45,0,44,3,97.92
112,企業管理系,進修,學士班(含四技),55,0,49,0,89.09
112,企業管理系,在職,碩士班,30,0,30,0,100
112,企業管理系,日間,碩士班,18,0,13,3,76.19
112,管理學院博士班,日間,博士班,19,0,19,1,100
112,管理學院企業管理高階經營管理碩士在職專班,在職,碩士班,20,0,20,0,100
112,供應鏈管理系,日間,學士班(含四技),52,0,52,0,100
112,供應鏈管理系,進修,學士班(含四技),43,0,13,0,30.23
112,供應鏈管理系,在職,碩士班,6,0,2,0,33.33
112,供應鏈管理系,日間,碩士班,11,0,9,1,83.33
112,行銷與流通管理系,日間,學士班(含四技),98,0,96,2,98
112,行銷與流通管理系,在職,碩士班,26,0,26,0,100
112,行銷與流通管理系,日間,碩士班,46,0,39,0,84.78
112,運籌管理系,日間,學士班(含四技),83,0,83,0,100
112,運籌管理系商務經營管理碩士在職專班,在職,碩士班,18,0,4,0,22.22
112,運籌管理系商務經營管理碩士班,日間,碩士班,14,0,9,0,64.29
112,運籌管理系,在職,碩士班,18,0,10,0,55.56
112,運籌管理系,日間,碩士班,20,0,16,1,80.95
112,國際企業系,日間,學士班(含四技),44,0,42,7,96.08
112,國際企業系,進修,學士班(含四技),60,0,33,0,55
112,國際企業系,進修,二年制大學(二技),49,0,39,0,79.59
112,國際企業系,日間,博士班,4,0,4,2,100
112,國際企業系,在職,碩士班,28,0,16,0,57.14
112,國際企業系,日間,碩士班,20,0,6,1,33.33
112,商業智慧學院博士班,日間,博士班,6,0,5,0,83.33
112,人力資源發展系,日間,學士班(含四技),52,0,50,0,96.15
112,人力資源發展系,在職,碩士班,29,0,23,0,79.31
112,人力資源發展系,日間,碩士班,21,0,21,0,100
112,管理學院高階主管經營管理碩士在職專班,在職,碩士班,24,0,22,0,91.67
112,科技法律研究所,日間,碩士班,24,0,16,0,66.67
112,科技法律研究所,在職,碩士班,27,0,25,0,92.59
112,水圈學院水產科技產業博士班,日間,博士班,3,0,3,14,100
112,海洋生物技術系,日間,學士班(含四技),49,0,47,0,95.92
112,海洋生物技術系,日間,碩士班,11,0,3,0,27.27
112,海事資訊科技系,日間,學士班(含四技),41,0,44,0,100
112,海事資訊科技系,日間,碩士班,9,0,6,0,66.67
112,資訊工程系,日間,學士班(含四技),47,0,46,7,98.15
112,商務資訊應用系,日間,學士班(含四技),90,0,98,1,100
112,商務資訊應用系,日間,碩士班,7,0,4,0,57.14
112,資訊管理系,日間,學士班(含四技),84,0,84,2,100
112,資訊管理系電子商務碩士班,日間,碩士班,21,0,21,0,100
112,資訊管理系,在職,碩士班,16,0,20,0,100
112,資訊管理系,日間,碩士班,26,0,26,0,100
112,智慧商務系,日間,學士班(含四技),79,3,83,1,100
112,智慧商務系,日間,碩士班,29,0,28,0,96.55
112,資訊工程系,在職,碩士班,16,0,15,0,93.75
112,資訊工程系,日間,碩士班,15,0,18,1,100
112,高瞻科技不分系學士學位學程,日間,學士班(含四技),21,0,20,0,95.24
112,化學工程與材料工程系,日間,學士班(含四技),91,0,91,1,100
112,化學工程與材料工程系,進修,學士班(含四技),46,0,34,0,73.91
112,化學工程與材料工程系,日間,博士班,2,0,3,0,100
112,化學工程與材料工程系,在職,碩士班,31,0,16,0,51.61
112,化學工程與材料工程系,日間,碩士班,47,0,52,0,100
112,海洋環境工程系,日間,學士班(含四技),50,0,48,0,96
112,海洋環境工程系,進修,學士班(含四技),54,0,14,0,25.93
112,海洋環境工程系,日間,碩士班,16,0,8,1,52.94
112,環境與安全衛生工程系,日間,學士班(含四技),95,0,93,0,97.89
112,環境與安全衛生工程系,日間,博士班,3,0,3,0,100
112,環境與安全衛生工程系,在職,碩士班,45,0,45,0,100
112,環境與安全衛生工程系,日間,碩士班,44,0,44,1,100
112,能源與冷凍空調工程系,日間,學士班(含四技),25,0,25,0,100
112,電訊工程系,日間,學士班(含四技),40,0,46,0,100
112,電訊工程系,進修,學士班(含四技),43,0,13,0,30.23
112,電訊工程系,在職,碩士班,15,0,11,0,73.33
112,電訊工程系,日間,碩士班,15,0,16,0,100
112,光電工程研究所,日間,碩士班,35,0,32,0,91.43
112,電腦與通訊工程系,日間,學士班(含四技),92,0,101,2,100
112,電腦與通訊工程系,在職,碩士班,10,0,9,0,90
112,電腦與通訊工程系,日間,碩士班,40,0,42,0,100
112,半導體工程系,日間,學士班(含四技),50,0,85,0,100
112,半導體工程系,進修,學士班(含四技),50,0,27,0,54
112,半導體工程系,在職,碩士班,13,0,20,0,100
112,半導體工程系,日間,碩士班,14,0,18,0,100
112,電子工程系(建工校區),日間,學士班(含四技),123,0,134,2,100
112,電子工程系(建工校區),進修,學士班(含四技),67,0,60,0,89.55
112,電子工程系(第一校區),日間,學士班(含四技),52,0,56,0,100
112,電子工程系(建工校區),日間,博士班,16,0,7,3,52.63
112,電子工程系(建工校區),在職,碩士班,27,0,14,0,51.85
112,電子工程系(第一校區),在職,碩士班,18,0,14,0,77.78
112,電子工程系(建工校區),日間,碩士班,63,0,80,6,100
112,電子工程系(第一校區),日間,碩士班,30,0,35,0,100
112,電機工程系,日間,學士班(含四技),140,0,146,0,100
112,電機工程系,進修,學士班(含四技),57,0,63,0,100
112,電機工程系,進修,二年制大學(二技),51,0,56,0,100
112,電機工程系,日間,博士班,7,0,3,2,55.56
112,電機工程系智慧自動化系統碩士在職專班,在職,碩士班,10,0,12,0,100
112,電機工程系智慧自動化系統碩士班,日間,碩士班,19,0,19,0,100
112,電機工程系,在職,碩士班,33,0,43,0,100
112,電機工程系,日間,碩士班,62,0,66,0,100
112,輪機工程系,日間,學士班(含四技),84,0,78,0,92.86
112,輪機工程系,日間,二年制大學(二技),45,0,44,0,97.78
112,輪機工程系,進修,學士班(含四技),57,0,29,0,50.88
112,輪機工程系,在職,碩士班,16,0,8,0,50
112,輪機工程系,日間,碩士班,9,0,8,0,88.89
112,輪機工程科,日間,五專,50,0,49,0,98
112,機電工程系,日間,學士班(含四技),98,0,105,1,100
112,機電工程系,在職,碩士班,14,0,13,0,92.86
112,機電工程系,日間,碩士班,39,0,41,0,100
112,機械工程系,日間,學士班(含四技),124,0,132,1,100
112,機械工程系,進修,學士班(含四技),54,0,60,0,100
112,機械工程系,進修,二年制大學(二技),33,0,31,0,93.94
112,機械工程系,日間,博士班,6,0,4,3,77.78
112,機械工程系,在職,碩士班,36,0,37,0,100
112,機械工程系,日間,碩士班,73,0,61,0,83.56
112,模具工程系,日間,學士班(含四技),141,0,153,0,100
112,模具工程系,日間,二年制大學(二技),18,0,18,0,100
112,模具工程系,進修,學士班(含四技),51,0,42,0,82.35
112,模具工程系,日間,博士班,2,0,2,0,100
112,模具工程系,在職,碩士班,20,0,17,0,85
112,模具工程系,日間,碩士班,70,0,64,0,91.43
112,模具工程系應用工程科學碩士在職專班,在職,碩士班,11,0,4,0,36.36
112,模具工程科,日間,五專,30,0,29,0,96.67
112,車輛工程系,日間,學士班(含四技),35,0,35,0,100
112,造船及海洋工程系,日間,學士班(含四技),100,0,95,1,95.05
112,造船及海洋工程系,進修,學士班(含四技),40,0,12,0,30
112,造船及海洋工程系,在職,碩士班,12,0,7,0,58.33
112,造船及海洋工程系,日間,碩士班,12,0,10,0,83.33
112,工業工程與管理系,日間,學士班(含四技),53,1,50,0,96.15
112,工業工程與管理系,日間,二年制大學(二技),13,0,13,0,100
112,工業工程與管理系,進修,學士班(含四技),17,0,17,0,100
112,工業工程與管理系,進修,二年制大學(二技),27,0,27,0,100
112,工業工程與管理系,日間,博士班,4,0,4,0,100
112,工業工程與管理系,在職,碩士班,55,0,51,0,92.73
112,工業工程與管理系,日間,碩士班,23,0,23,0,100
112,工學院工程科技博士班,日間,博士班,9,0,8,1,90
112,海事學院海事科技產學合作博士班,日間,博士班,5,0,5,2,100
112,海事風電工程碩士學位學程,日間,碩士班,8,0,4,0,50
112,水產食品科學系,日間,學士班(含四技),94,0,93,0,98.94
112,水產食品科學系,進修,學士班(含四技),55,0,19,0,34.55
112,水產食品科學系,在職,碩士班,15,0,6,0,40
112,水產食品科學系,日間,碩士班,20,0,19,0,95
112,土木工程系,日間,學士班(含四技),108,0,107,0,99.07
112,土木工程系,進修,二年制大學(二技),54,0,52,0,96.3
112,土木工程系土木工程科技博士班,日間,博士班,2,0,2,0,100
112,土木工程系土木工程與防災科技碩士在職專班,在職,碩士班,45,0,45,0,100
112,土木工程系,日間,碩士班,38,0,37,0,97.37
112,土木工程科,日間,五專,30,0,30,0,100
112,營建工程系,日間,學士班(含四技),106,0,103,0,97.17
112,營建工程系,日間,碩士班,21,0,19,0,90.48
112,營建工程系營建工程與管理碩士在職專班,在職,碩士班,16,0,16,0,100
112,海洋事務與產業管理研究所,日間,碩士班,13,0,6,0,46.15
112,漁業科技與管理系,日間,學士班(含四技),50,0,46,0,92
112,漁業科技與管理系,在職,碩士班,11,0,3,0,27.27
112,漁業科技與管理系,日間,碩士班,8,0,6,2,80
112,漁業科技與管理科,日間,五專,30,0,25,0,83.33
112,水產養殖系,日間,學士班(含四技),90,0,77,0,85.56
112,水產養殖系,進修,學士班(含四技),55,0,13,0,23.64
112,水產養殖系,日間,碩士班,11,0,9,1,83.33
112,海洋休閒管理系,日間,學士班(含四技),41,0,40,1,97.62
112,海洋休閒管理系,進修,學士班(含四技),37,0,30,0,81.08
112,海洋休閒管理系,日間,碩士班,6,0,6,0,100
112,觀光管理系,日間,學士班(含四技),31,0,31,3,100
112,觀光管理系,進修,學士班(含四技),35,0,30,0,85.71
112,觀光管理系,進修,二年制大學(二技),15,0,15,0,100
112,觀光管理系觀光與餐旅管理碩士在職專班,在職,碩士班,32,0,10,0,31.25
112,觀光管理系觀光與餐旅管理碩士班,日間,碩士班,13,0,6,0,46.15
112,航運管理系,日間,學士班(含四技),85,1,84,3,100
112,航運管理系,進修,學士班(含四技),30,0,22,0,73.33
112,航運管理系,日間,博士班,3,0,3,1,100
112,航運管理系,在職,碩士班,19,0,13,0,68.42
112,航運管理系,日間,碩士班,16,0,14,1,88.24
112,航運技術系,日間,學士班(含四技),47,0,47,0,100
112,航運技術系,日間,二年制大學(二技),45,0,40,0,88.89
112,航運技術系,在職,碩士班,8,0,5,0,62.5
112,航運技術系,日間,碩士班,10,0,4,0,40
112,航海科,日間,五專,50,0,47,0,94
112,海事資訊科技系,在職,碩士班,12,0,1,0,8.33
113,文化創意產業系,日間,學士班(含四技),48,0,47,0,97.92
113,文化創意產業系,在職,碩士班,15,0,15,0,100
113,文化創意產業系,日間,碩士班,17,0,10,0,58.82
113,工業設計系,日間,學士班(含四技),31,0,31,1,100
113,工業設計系,日間,碩士班,14,0,9,0,64.29
113,應用英語系,日間,學士班(含四技),102,0,101,0,99.02
113,應用英語系,日間,二年制大學(二技),34,0,28,0,82.35
113,應用英語系,進修,二年制大學(二技),54,0,36,0,66.67
113,應用英語系口筆譯碩士班,日間,碩士班,19,0,5,0,26.32
113,應用英語系應用語言學與英語教學碩士班,日間,碩士班,22,0,12,1,56.52
113,應用德語系,日間,學士班(含四技),52,0,52,0,100
113,應用德語系,日間,碩士班,6,0,4,1,71.43
113,應用日語系,日間,學士班(含四技),77,0,76,1,98.72
113,應用日語系,日間,二年制大學(二技),34,0,29,1,85.71
113,應用日語系,在職,碩士班,12,0,3,0,25
113,應用日語系,日間,碩士班,18,0,12,1,68.42
113,會計資訊系,日間,學士班(含四技),91,0,89,2,97.85
113,會計資訊系,進修,學士班(含四技),48,0,20,0,41.67
113,會計資訊系,進修,二年制大學(二技),34,0,22,0,64.71
113,會計資訊系,在職,碩士班,27,0,16,0,59.26
113,會計資訊系,日間,碩士班,35,0,28,0,80
113,金融資訊系,日間,學士班(含四技),43,0,42,0,97.67
113,金融資訊系,進修,學士班(含四技),54,0,36,0,66.67
113,金融資訊系,在職,碩士班,35,0,34,0,97.14
113,金融資訊系,日間,碩士班,21,0,21,0,100
113,財務管理系,日間,學士班(含四技),39,0,39,6,100
113,財務管理系,在職,碩士班,24,0,14,0,58.33
113,財務管理系,日間,碩士班,30,0,13,0,43.33
113,金融系,日間,學士班(含四技),93,0,91,0,97.85
113,金融系,進修,學士班(含四技),48,0,33,0,68.75
113,金融系,在職,碩士班,32,0,16,0,50
113,金融系,日間,碩士班,42,0,42,0,100
113,財政稅務系,日間,學士班(含四技),51,0,51,0,100
113,財政稅務系,進修,學士班(含四技),38,0,18,0,47.37
113,財政稅務系,進修,二年制大學(二技),24,0,17,0,70.83
113,財政稅務系,在職,碩士班,45,0,43,0,95.56
113,財政稅務系,日間,碩士班,20,0,12,0,60
113,風險管理與保險系,日間,學士班(含四技),53,0,53,0,100
113,風險管理與保險系,在職,碩士班,20,0,8,0,40
113,風險管理與保險系,日間,碩士班,17,0,11,0,64.71
113,智慧商務系,在職,碩士班,34,0,34,0,100
113,國際管理碩士學位學程,日間,碩士班,9,0,6,7,81.25
113,企業管理系,日間,學士班(含四技),45,0,45,2,100
113,企業管理系,進修,學士班(含四技),55,0,39,0,70.91
113,企業管理系,在職,碩士班,30,0,28,0,93.33
113,企業管理系,日間,碩士班,19,0,17,4,91.3
113,管理學院博士班,日間,博士班,17,0,15,3,90
113,管理學院企業管理高階經營管理碩士在職專班,在職,碩士班,20,0,18,0,90
113,供應鏈管理系,日間,學士班(含四技),52,2,50,1,100
113,供應鏈管理系,進修,學士班(含四技),37,0,5,0,13.51
113,供應鏈管理系,在職,碩士班,6,0,6,0,100
113,供應鏈管理系,日間,碩士班,10,0,10,0,100
113,行銷與流通管理系,日間,學士班(含四技),97,0,95,1,97.96
113,行銷與流通管理系,在職,碩士班,29,0,19,0,65.52
113,行銷與流通管理系,日間,碩士班,44,0,23,2,54.35
113,運籌管理系,日間,學士班(含四技),84,0,84,2,100
113,運籌管理系商務經營管理碩士在職專班,在職,碩士班,18,0,1,0,5.56
113,運籌管理系商務經營管理碩士班,日間,碩士班,14,0,8,0,57.14
113,運籌管理系,在職,碩士班,16,0,6,0,37.5
113,運籌管理系,日間,碩士班,16,0,14,1,88.24
113,國際企業系,日間,學士班(含四技),44,0,44,5,100
113,國際企業系,進修,學士班(含四技),57,0,15,0,26.32
113,國際企業系,進修,二年制大學(二技),44,0,25,0,56.82
113,國際企業系,日間,博士班,4,0,4,0,100
113,國際企業系,在職,碩士班,26,0,25,0,96.15
113,國際企業系,日間,碩士班,18,0,14,0,77.78
113,商業智慧學院博士班,日間,博士班,6,0,5,0,83.33
113,人力資源發展系,日間,學士班(含四技),50,0,49,2,98.08
113,人力資源發展系,在職,碩士班,29,0,28,0,96.55
113,人力資源發展系,日間,碩士班,20,0,17,0,85
113,管理學院高階主管經營管理碩士在職專班,在職,碩士班,24,0,22,0,91.67
113,科技法律研究所,日間,碩士班,23,0,17,0,73.91
113,科技法律研究所,在職,碩士班,27,0,26,0,96.3
113,海洋生物技術系,日間,學士班(含四技),49,0,46,0,93.88
113,海洋生物技術系,日間,碩士班,10,0,3,0,30
113,水圈學院_外國學生專班,日間,博士班,0,0,0,14,100
113,水圈學院水產科技產業博士班,日間,博士班,3,0,3,0,100
113,海事資訊科技系,日間,學士班(含四技),41,1,38,0,95
113,海事資訊科技系,日間,碩士班,9,0,9,0,100
113,資訊工程系,日間,學士班(含四技),48,0,47,5,98.11
113,商務資訊應用系,日間,學士班(含四技),89,0,94,0,100
113,商務資訊應用系,日間,碩士班,6,0,0,0,0
113,資訊管理系,日間,學士班(含四技),85,0,84,3,98.86
113,資訊管理系電子商務碩士班,日間,碩士班,24,0,27,1,100
113,資訊管理系,在職,碩士班,18,0,21,0,100
113,資訊管理系,日間,碩士班,29,0,32,2,100
113,智慧商務系,日間,學士班(含四技),78,0,82,0,100
113,智慧商務系,日間,碩士班,28,0,29,0,100
113,資訊工程系,在職,碩士班,16,0,16,0,100
113,資訊工程系,日間,碩士班,16,0,20,0,100
113,高瞻科技不分系學士學位學程,日間,學士班(含四技),21,0,22,0,100
113,化學工程與材料工程系,日間,學士班(含四技),92,0,92,0,100
113,化學工程與材料工程系,進修,學士班(含四技),40,0,27,0,67.5
113,化學工程與材料工程系,日間,博士班,2,0,3,0,100
113,化學工程與材料工程系,在職,碩士班,28,0,19,0,67.86
113,化學工程與材料工程系,日間,碩士班,47,0,62,0,100
113,海洋環境工程系,日間,學士班(含四技),51,0,47,0,92.16
113,海洋環境工程系,進修,學士班(含四技),48,0,12,0,25
113,海洋環境工程系,日間,碩士班,16,0,15,0,93.75
113,環境與安全衛生工程系,日間,學士班(含四技),96,0,93,0,96.88
113,環境與安全衛生工程系,日間,博士班,4,0,4,0,100
113,環境與安全衛生工程系,在職,碩士班,48,0,47,0,97.92
113,環境與安全衛生工程系,日間,碩士班,44,0,44,0,100
113,能源與冷凍空調工程系,日間,學士班(含四技),47,0,46,0,97.87
113,電訊工程系,日間,學士班(含四技),40,0,40,0,100
113,電訊工程系,進修,學士班(含四技),39,0,20,0,51.28
113,電訊工程系,在職,碩士班,15,0,19,0,100
113,電訊工程系,日間,碩士班,12,2,16,0,100
113,光電工程研究所,日間,碩士班,35,0,42,0,100
113,電腦與通訊工程系,日間,學士班(含四技),92,0,93,0,100
113,電腦與通訊工程系,在職,碩士班,10,0,8,0,80
113,電腦與通訊工程系,日間,碩士班,40,0,49,0,100
113,半導體工程系,日間,學士班(含四技),50,0,83,0,100
113,半導體工程系,進修,學士班(含四技),50,0,27,0,54
113,半導體工程系,在職,碩士班,15,0,15,0,100
113,半導體工程系,日間,碩士班,16,0,24,1,100
113,電子工程系(建工校區),日間,學士班(含四技),123,0,129,0,100
113,電子工程系(建工校區),進修,學士班(含四技),67,0,39,0,58.21
113,電子工程系(第一校區),日間,學士班(含四技),53,0,55,1,100
113,電子工程系(建工校區),日間,博士班,16,0,14,3,89.47
113,電子工程系(建工校區),在職,碩士班,27,0,27,0,100
113,電子工程系(第一校區),在職,碩士班,16,0,18,0,100
113,電子工程系(建工校區),日間,碩士班,63,0,69,0,100
113,電子工程系(第一校區),日間,碩士班,30,0,34,0,100
113,電機工程系,日間,學士班(含四技),140,0,139,0,99.29
113,電機工程系,進修,學士班(含四技),57,0,56,0,98.25
113,電機工程系,進修,二年制大學(二技),52,0,52,0,100
113,電機工程系,日間,博士班,7,0,9,2,100
113,電機工程系智慧自動化系統碩士在職專班,在職,碩士班,10,0,11,0,100
113,電機工程系智慧自動化系統碩士班,日間,碩士班,19,0,23,0,100
113,電機工程系,在職,碩士班,33,0,33,0,100
113,電機工程系,日間,碩士班,62,0,73,0,100
113,輪機工程系,日間,學士班(含四技),84,0,82,0,97.62
113,輪機工程系,日間,二年制大學(二技),42,0,34,0,80.95
113,輪機工程系,進修,學士班(含四技),60,0,58,0,96.67
113,輪機工程系,在職,碩士班,15,0,12,0,80
113,輪機工程系,日間,碩士班,9,0,6,0,66.67
113,輪機工程科,日間,五專,53,0,51,0,96.23
113,機電工程系,日間,學士班(含四技),99,0,97,0,97.98
113,機電工程系,日間,博士班,3,0,3,0,100
113,機電工程系,在職,碩士班,15,0,11,0,73.33
113,機電工程系,日間,碩士班,39,0,34,0,87.18
113,機械工程系,日間,學士班(含四技),124,0,124,0,100
113,機械工程系,進修,學士班(含四技),39,0,39,0,100
113,機械工程系,進修,二年制大學(二技),24,0,24,0,100
113,機械工程系,日間,博士班,6,0,6,1,100
113,機械工程系,在職,碩士班,36,0,23,0,63.89
113,機械工程系,日間,碩士班,73,0,53,1,72.97
113,模具工程系,日間,學士班(含四技),111,0,111,0,100
113,模具工程系,日間,二年制大學(二技),18,0,18,0,100
113,模具工程系,進修,學士班(含四技),34,0,19,0,55.88
113,模具工程系,日間,博士班,2,0,2,0,100
113,模具工程系,在職,碩士班,20,0,10,0,50
113,模具工程系,日間,碩士班,70,0,59,0,84.29
113,模具工程系應用工程科學碩士在職專班,在職,碩士班,10,0,5,0,50
113,模具工程科,日間,五專,30,0,30,0,100
113,車輛工程系,日間,學士班(含四技),35,0,34,0,97.14
113,造船及海洋工程系,日間,學士班(含四技),100,0,98,0,98
113,造船及海洋工程系,進修,學士班(含四技),37,0,7,0,18.92
113,造船及海洋工程系,在職,碩士班,12,0,6,0,50
113,造船及海洋工程系,日間,碩士班,12,0,8,0,66.67
113,工業工程與管理系,日間,學士班(含四技),53,0,53,1,100
113,工業工程與管理系,日間,二年制大學(二技),10,0,5,0,50
113,工業工程與管理系,進修,學士班(含四技),19,0,18,0,94.74
113,工業工程與管理系,進修,二年制大學(二技),26,0,16,0,61.54
113,工業工程與管理系,日間,博士班,4,0,6,2,100
113,工業工程與管理系,在職,碩士班,55,0,58,0,100
113,工業工程與管理系,日間,碩士班,23,0,24,5,100
113,工學院工程科技博士班,日間,博士班,5,0,4,1,83.33
113,海事學院海事科技產學合作博士班,日間,博士班,5,0,5,0,100
113,海事風電工程碩士學位學程,日間,碩士班,8,0,2,0,25
113,水產食品科學系,日間,學士班(含四技),94,0,94,0,100
113,水產食品科學系,進修,學士班(含四技),51,0,7,0,13.73
113,水產食品科學系,在職,碩士班,13,0,13,0,100
113,水產食品科學系,日間,碩士班,20,0,20,1,100
113,土木工程系,日間,學士班(含四技),109,0,108,0,99.08
113,土木工程系,進修,二年制大學(二技),60,0,60,0,100
113,土木工程系土木工程科技博士班,日間,博士班,2,0,2,0,100
113,土木工程系土木工程與防災科技碩士在職專班,在職,碩士班,45,0,45,0,100
113,土木工程系,日間,碩士班,38,0,32,0,84.21
113,營建工程系,日間,學士班(含四技),106,0,105,0,99.06
113,營建工程系,日間,碩士班,21,0,17,0,80.95
113,營建工程系營建工程與管理碩士在職專班,在職,碩士班,16,0,16,0,100
113,漁業科技與管理系,日間,學士班(含四技),50,1,48,0,97.96
113,漁業科技與管理系海洋事務與產業管理碩士班,日間,碩士班,13,0,4,0,30.77
113,漁業科技與管理系,在職,碩士班,10,0,7,0,70
113,漁業科技與管理系,日間,碩士班,9,0,9,0,100
113,漁業科技與管理科,日間,五專,24,0,11,0,45.83
113,水產養殖系,日間,學士班(含四技),90,0,83,1,92.31
113,水產養殖系,進修,學士班(含四技),49,0,14,0,28.57
113,水產養殖系,日間,碩士班,11,0,11,0,100
113,海洋休閒管理系,日間,學士班(含四技),41,0,38,1,92.86
113,海洋休閒管理系,進修,學士班(含四技),31,0,22,0,70.97
113,海洋休閒管理系,日間,碩士班,6,0,6,0,100
113,觀光管理系,日間,學士班(含四技),31,1,29,3,96.97
113,觀光管理系,進修,學士班(含四技),31,0,23,0,74.19
113,觀光管理系,進修,二年制大學(二技),15,0,12,0,80
113,觀光管理系觀光與餐旅管理碩士在職專班,在職,碩士班,32,0,12,0,37.5
113,觀光管理系觀光與餐旅管理碩士班,日間,碩士班,13,0,5,0,38.46
113,航運管理系,日間,學士班(含四技),86,0,86,1,100
113,航運管理系,進修,學士班(含四技),29,0,18,0,62.07
113,航運管理系,日間,博士班,3,0,3,2,100
113,航運管理系,在職,碩士班,19,0,19,0,100
113,航運管理系,日間,碩士班,16,0,14,1,88.24
113,航運技術系,日間,學士班(含四技),47,0,45,0,95.74
113,航運技術系,日間,二年制大學(二技),48,0,36,0,75
113,航運技術系,在職,碩士班,8,0,7,0,87.5
113,航運技術系,日間,碩士班,10,0,8,0,80
113,航海科,日間,五專,53,0,53,0,100
113,海事資訊科技系,在職,碩士班,12,0,4,0,33.33
114,文化創意產業系,日間,學士班(含四技),47,0,46,0,97.87
114,文化創意產業系,在職,碩士班,17,0,9,0,52.94
114,文化創意產業系,日間,碩士班,17,0,7,1,44.44
114,工業設計系,日間,學士班(含四技),31,0,31,1,100
114,工業設計系,日間,碩士班,11,0,9,1,83.33
114,應用英語系,日間,學士班(含四技),102,0,100,1,98.06
114,應用英語系,日間,二年制大學(二技),34,0,27,0,79.41
114,應用英語系口筆譯碩士班,日間,碩士班,17,0,9,0,52.94
114,應用英語系應用語言學與英語教學碩士班,日間,碩士班,22,0,14,1,65.22
114,應用德語系,日間,學士班(含四技),53,0,53,1,100
114,應用德語系,日間,碩士班,6,0,3,0,50
114,應用日語系,日間,學士班(含四技),77,0,76,3,98.75
114,應用日語系,日間,二年制大學(二技),34,0,22,0,64.71
114,應用日語系,在職,碩士班,10,0,7,0,70
114,應用日語系,日間,碩士班,18,0,11,1,63.16
114,會計資訊系,日間,學士班(含四技),90,0,89,1,98.9
114,會計資訊系,進修,學士班(含四技),37,0,14,0,37.84
114,會計資訊系,進修,二年制大學(二技),29,0,20,0,68.97
114,會計資訊系,在職,碩士班,23,0,10,0,43.48
114,會計資訊系,日間,碩士班,33,0,28,0,84.85
114,金融資訊系,日間,學士班(含四技),44,0,44,0,100
114,金融資訊系,進修,學士班(含四技),52,0,42,0,80.77
114,金融資訊系,在職,碩士班,35,0,30,0,85.71
114,金融資訊系,日間,碩士班,21,0,21,0,100
114,財務管理系,日間,學士班(含四技),40,0,40,3,100
114,財務管理系,在職,碩士班,23,0,21,0,91.3
114,財務管理系,日間,碩士班,31,0,28,0,90.32
114,金融系,日間,學士班(含四技),93,1,92,1,100
114,金融系,進修,學士班(含四技),15,0,13,0,86.67
114,金融系金融高階主管經營管理碩士在職專班,在職,碩士班,20,0,2,0,10
114,金融系,在職,碩士班,23,0,21,0,91.3
114,金融系,日間,碩士班,40,0,34,0,85
114,財政稅務系,日間,學士班(含四技),51,0,51,0,100
114,財政稅務系,進修,學士班(含四技),23,0,15,0,65.22
114,財政稅務系,進修,二年制大學(二技),22,0,13,0,59.09
114,財政稅務系,在職,碩士班,45,0,34,0,75.56
114,財政稅務系,日間,碩士班,16,0,15,0,93.75
114,風險管理與保險系,日間,學士班(含四技),52,0,51,0,98.08
114,風險管理與保險系,在職,碩士班,16,0,16,0,100
114,風險管理與保險系,日間,碩士班,17,0,14,0,82.35
114,國際管理碩士學位學程,日間,碩士班,9,0,7,1,80
114,企業管理系,日間,學士班(含四技),45,0,43,11,96.43
114,企業管理系,進修,學士班(含四技),53,2,34,0,66.67
114,企業管理系,在職,碩士班,30,0,25,0,83.33
114,企業管理系,日間,碩士班,19,0,16,1,85
114,管理學院博士班,日間,博士班,14,0,14,2,100
114,企業管理系高階經營管理碩士在職專班,在職,碩士班,20,0,15,0,75
114,供應鏈管理系,日間,學士班(含四技),52,0,50,0,96.15
114,供應鏈管理系,進修,學士班(含四技),10,0,7,0,70
114,供應鏈管理系,在職,碩士班,6,0,3,0,50
114,供應鏈管理系,日間,碩士班,15,0,4,0,26.67
114,行銷與流通管理系,日間,學士班(含四技),96,1,95,6,100
114,行銷與流通管理系,在職,碩士班,29,0,14,0,48.28
114,行銷與流通管理系,日間,碩士班,44,0,18,1,42.22
114,運籌管理系,日間,學士班(含四技),84,0,84,3,100
114,運籌管理系商務經營管理碩士在職專班,在職,碩士班,12,0,2,0,16.67
114,運籌管理系商務經營管理碩士班,日間,碩士班,12,0,8,1,69.23
114,運籌管理系,在職,碩士班,12,0,10,0,83.33
114,運籌管理系,日間,碩士班,18,0,13,1,73.68
114,國際企業系,日間,學士班(含四技),45,0,45,6,100
114,國際企業系,進修,學士班(含四技),40,0,17,0,42.5
114,國際企業系,進修,二年制大學(二技),41,0,38,0,92.68
114,國際企業系,日間,博士班,4,0,3,0,75
114,國際企業系,在職,碩士班,26,0,26,0,100
114,國際企業系,日間,碩士班,18,0,15,2,85
114,商業智慧學院博士班,日間,博士班,6,0,6,0,100
114,人力資源發展系,日間,學士班(含四技),50,0,50,1,100
114,人力資源發展系,在職,碩士班,32,0,20,0,62.5
114,人力資源發展系,日間,碩士班,20,0,17,1,85.71
114,管理學院高階主管經營管理碩士在職專班,在職,碩士班,28,0,23,0,82.14
114,科技法律研究所,日間,碩士班,22,0,10,0,45.45
114,科技法律研究所,在職,碩士班,30,0,25,0,83.33
114,海洋生物技術系,日間,學士班(含四技),49,0,39,0,79.59
114,海洋生物技術系,日間,碩士班,6,0,6,0,100
114,水圈學院水產科技產業博士班,日間,博士班,3,0,3,13,100
114,資訊工程系,日間,學士班(含四技),48,0,48,5,100
114,資訊工程系,日間,博士班,1,0,1,0,100
114,資訊工程系,在職,碩士班,18,0,20,0,100
114,資訊工程系,日間,碩士班,18,0,24,1,100
114,商務資訊應用系,日間,學士班(含四技),89,0,92,0,100
114,商務資訊應用系,日間,碩士班,6,0,6,0,100
114,資訊管理系,日間,學士班(含四技),85,0,83,1,97.67
114,資訊管理系,日間,博士班,3,0,3,0,100
114,資訊管理系電子商務碩士班,日間,碩士班,25,0,28,0,100
114,資訊管理系,在職,碩士班,20,0,27,0,100
114,資訊管理系,日間,碩士班,30,0,33,0,100
114,智慧商務系,日間,學士班(含四技),78,0,77,0,98.72
114,智慧商務系,在職,碩士班,38,0,37,0,97.37
114,智慧商務系,日間,碩士班,30,0,36,1,100
114,高瞻科技不分系學士學位學程,日間,學士班(含四技),21,0,22,0,100
114,化學工程與材料工程系,日間,學士班(含四技),92,0,93,1,100
114,化學工程與材料工程系,日間,博士班,2,0,3,0,100
114,化學工程與材料工程系,在職,碩士班,20,0,20,0,100
114,化學工程與材料工程系,日間,碩士班,47,0,55,0,100
114,海洋環境工程系,日間,學士班(含四技),51,0,45,0,88.24
114,海洋環境工程系,日間,碩士班,14,0,14,0,100
114,環境與安全衛生工程系,日間,學士班(含四技),95,0,95,0,100
114,環境與安全衛生工程系,日間,博士班,5,0,5,2,100
114,環境與安全衛生工程系,在職,碩士班,48,0,48,0,100
114,環境與安全衛生工程系,日間,碩士班,44,0,44,0,100
114,能源與冷凍空調工程系,日間,學士班(含四技),47,0,46,0,97.87
114,電訊工程系,日間,學士班(含四技),40,0,40,0,100
114,電訊工程系,進修,學士班(含四技),33,0,20,0,60.61
114,電訊工程系,在職,碩士班,15,0,12,0,80
114,電訊工程系,日間,碩士班,14,0,17,0,100
114,光電工程研究所,日間,碩士班,35,0,68,0,100
114,電腦與通訊工程系,日間,學士班(含四技),92,0,93,1,100
114,電腦與通訊工程系,在職,碩士班,12,0,14,0,100
114,電腦與通訊工程系,日間,碩士班,40,0,50,0,100
114,半導體工程系,日間,學士班(含四技),50,0,77,1,100
114,半導體工程系,進修,學士班(含四技),46,0,24,0,52.17
114,半導體工程系,在職,碩士班,17,0,12,0,70.59
114,半導體工程系,日間,碩士班,18,0,30,0,100
114,電子工程系(建工校區),日間,學士班(含四技),123,0,124,1,100
114,電子工程系(建工校區),進修,學士班(含四技),67,0,60,0,89.55
114,電子工程系(第一校區),日間,學士班(含四技),53,0,53,0,100
114,電子工程系(建工校區),日間,博士班,15,0,11,3,77.78
114,電子工程系(建工校區),在職,碩士班,27,0,27,0,100
114,電子工程系(第一校區),在職,碩士班,16,0,23,0,100
114,電子工程系(建工校區),日間,碩士班,63,0,80,7,100
114,電子工程系(第一校區),日間,碩士班,30,1,37,0,100
114,電機工程系,日間,學士班(含四技),140,0,140,2,100
114,電機工程系,進修,學士班(含四技),59,0,59,0,100
114,電機工程系,進修,二年制大學(二技),52,0,49,0,94.23
114,電機工程系,日間,博士班,7,0,5,3,80
114,電機工程系智慧自動化系統碩士在職專班,在職,碩士班,10,0,8,0,80
114,電機工程系智慧自動化系統碩士班,日間,碩士班,19,0,22,1,100
114,電機工程系,在職,碩士班,33,0,35,0,100
114,電機工程系,日間,碩士班,62,0,78,0,100
114,輪機工程系,日間,學士班(含四技),84,0,82,0,97.62
114,輪機工程系,日間,二年制大學(二技),46,0,35,0,76.09
114,輪機工程系,進修,學士班(含四技),55,0,35,0,63.64
114,輪機工程系,在職,碩士班,16,0,12,0,75
114,輪機工程系,日間,碩士班,11,0,10,0,90.91
114,輪機工程科,日間,五專,53,0,41,0,77.36
114,機電工程系,日間,學士班(含四技),99,0,99,0,100
114,機電工程系,日間,博士班,4,0,4,0,100
114,機電工程系,在職,碩士班,17,0,14,0,82.35
114,機電工程系,日間,碩士班,39,0,42,0,100
114,機械工程系,日間,學士班(含四技),124,0,124,0,100
114,機械工程系,進修,學士班(含四技),41,0,41,0,100
114,機械工程系,進修,二年制大學(二技),24,0,24,0,100
114,機械工程系,日間,博士班,6,0,2,4,60
114,機械工程系,在職,碩士班,36,0,34,0,94.44
114,機械工程系,日間,碩士班,73,0,68,1,93.24
114,模具工程系,日間,學士班(含四技),111,0,110,2,99.12
114,模具工程系,日間,二年制大學(二技),20,0,10,0,50
114,模具工程系,進修,學士班(含四技),34,0,24,0,70.59
114,模具工程系,日間,博士班,2,0,2,0,100
114,模具工程系,在職,碩士班,20,0,11,0,55
114,模具工程系,日間,碩士班,70,0,67,0,95.71
114,模具工程系應用工程科學碩士在職專班,在職,碩士班,6,0,3,0,50
114,模具工程科,日間,五專,30,0,26,0,86.67
114,車輛工程系,日間,學士班(含四技),35,0,33,0,94.29
114,造船及海洋工程系,日間,學士班(含四技),100,0,99,0,99
114,造船及海洋工程系,進修,學士班(含四技),31,0,19,0,61.29
114,造船及海洋工程系,在職,碩士班,11,0,5,0,45.45
114,造船及海洋工程系,日間,碩士班,12,0,8,0,66.67
114,工業工程與管理系,日間,學士班(含四技),53,0,53,0,100
114,工業工程與管理系,進修,學士班(含四技),21,0,20,0,95.24
114,工業工程與管理系,進修,二年制大學(二技),28,0,20,0,71.43
114,工業工程與管理系,日間,博士班,4,0,5,0,100
114,工業工程與管理系,在職,碩士班,55,0,47,0,85.45
114,工業工程與管理系,日間,碩士班,24,0,31,1,100
114,海事學院海事科技產學合作博士班,日間,博士班,5,0,5,0,100
114,海事風電工程碩士學位學程,日間,碩士班,5,0,5,0,100
114,水產食品科學系,日間,學士班(含四技),94,0,93,0,98.94
114,水產食品科學系,日間,博士班,2,0,2,0,100
114,水產食品科學系,在職,碩士班,14,0,6,0,42.86
114,水產食品科學系,日間,碩士班,20,0,15,0,75
114,土木工程系,日間,學士班(含四技),109,0,107,1,98.18
114,土木工程系,進修,二年制大學(二技),60,0,60,0,100
114,土木工程系土木工程科技博士班,日間,博士班,5,0,5,0,100
114,土木工程系土木工程與防災科技碩士在職專班,在職,碩士班,45,0,44,0,97.78
114,土木工程系,日間,碩士班,38,0,37,0,97.37
114,營建工程系,日間,學士班(含四技),107,1,105,0,99.06
114,營建工程系,日間,碩士班,23,0,14,0,60.87
114,營建工程系營建工程與管理碩士在職專班,在職,碩士班,24,0,24,0,100
114,漁業科技與管理系,日間,學士班(含四技),50,0,50,0,100
114,漁業科技與管理系海洋事務與產業管理碩士班,日間,碩士班,13,0,4,0,30.77
114,漁業科技與管理系,在職,碩士班,10,0,8,0,80
114,漁業科技與管理系,日間,碩士班,9,0,5,0,55.56
114,漁業科技與管理科,日間,五專,24,0,9,0,37.5
114,水產養殖系,日間,學士班(含四技),90,0,82,0,91.11
114,水產養殖系,日間,碩士班,14,0,11,0,78.57
114,海洋休閒管理系,日間,學士班(含四技),41,0,38,2,93.02
114,海洋休閒管理系,進修,學士班(含四技),27,0,20,0,74.07
114,海洋休閒管理系,日間,碩士班,8,0,6,2,80
114,觀光管理系,日間,學士班(含四技),31,0,30,1,96.88
114,觀光管理系,進修,學士班(含四技),30,0,29,0,96.67
114,觀光管理系,進修,二年制大學(二技),14,0,14,0,100
114,觀光管理系觀光與餐旅管理碩士在職專班,在職,碩士班,28,0,12,0,42.86
114,觀光管理系觀光與餐旅管理碩士班,日間,碩士班,11,0,10,0,90.91
114,航運管理系,日間,學士班(含四技),86,0,85,2,98.86
114,航運管理系,進修,學士班(含四技),27,0,24,0,88.89
114,航運管理系,日間,博士班,3,0,3,1,100
114,航運管理系,在職,碩士班,19,0,14,0,73.68
114,航運管理系,日間,碩士班,16,0,10,0,62.5
114,航運技術系,日間,學士班(含四技),47,0,46,0,97.87
114,航運技術系,日間,二年制大學(二技),52,0,38,0,73.08
114,航運技術系,在職,碩士班,10,0,10,0,100
114,航運技術系,日間,碩士班,6,0,6,0,100
114,航海科,日間,五專,53,0,53,0,100
114,海事資訊科技系,日間,學士班(含四技),41,0,40,0,97.56
114,海事資訊科技系,在職,碩士班,9,0,9,0,100
114,海事資訊科技系,日間,碩士班,9,0,7,0,77.78
