學年度,所系科班別名稱,專任教師數標準值(應≧),專任教師數,博碩士生師比值(應≦15),生師比值(應≦35),符合與否,增設停招年度
114,土木工程系,11,25,6.24,34.77,符合,
114,工業工程與管理系,11,13,12.31,35.96,未符合,
114,化學工程與材料工程系,11,24,6,27.9,符合,
114,營建工程系,9,18,3.61,30.53,符合,
114,環境與安全衛生工程系,11,20,8.45,34.62,符合,104增設
114,水產食品科學系,11,19,2.58,27.08,符合,
114,水產養殖系,9,15,1,24.36,符合,
114,海洋生物技術系,9,9,1,21,符合,
114,海洋環境工程系,9,12,2.31,19.21,符合,
114,漁業科技與管理系,9,17,0,16.85,符合,
114,應用日語系,9,12,1.83,28.7,符合,
114,應用英語系,9,21,1.35,23.44,符合,
114,應用德語系,9,10,0.78,19.24,符合,
114,海事資訊科技系,9,9,2.56,21.62,符合,
114,航運技術系,9,15,0,29.89,符合,
114,造船及海洋工程系,9,10,2.3,35.95,未符合,
114,電訊工程系,9,11,4.55,24.02,符合,
114,輪機工程系,9,24,0,28.54,符合,
114,供應鏈管理系,9,8,2,25.02,未符合,
114,海洋休閒管理系,9,9,1,20.46,符合,104增設
114,航運管理系,11,14,3.79,28.55,符合,
114,商務資訊應用系,9,12,0.5,32,符合,
114,金融資訊系,9,12,7.25,29.72,符合,
114,財政稅務系,9,10,9.56,31.92,符合,
114,智慧商務系,9,15,7.8,33.66,符合,
114,會計資訊系,9,14,4.54,30.59,符合,
114,觀光管理系,9,11,3.4,17.72,符合,
114,工業設計系,9,8,2,22.78,未符合,
114,文化創意產業系,9,10,2.64,21.33,符合,
114,車輛工程系,7,7,0,14.57,符合,112增設
114,能源與冷凍空調工程系,7,7,0,19.2,符合,111增設
114,模具工程系,11,30,0,32.16,符合,
114,機械工程系,11,26,6.85,31.65,符合,
114,機電工程系,11,19,4.7,31.51,符合,
114,半導體工程系,9,19,3.84,30.72,符合,
114,光電工程研究所,7,8,12.63,25.25,符合,
114,資訊工程系,11,11,7.91,33.39,符合,
114,電子工程系(建工校區),11,31,7.1,31.75,符合,
114,電子工程系(第一校區),9,11,9,35,符合,
114,電腦與通訊工程系,9,17,7,39.84,未符合,
114,電機工程系,11,30,8.65,34.91,符合,
114,人力資源發展系,9,9,7.33,33.88,符合,
114,企業管理系,9,14,6.93,25.13,符合,
114,行銷與流通管理系,9,17,3.53,30.11,符合,
114,金融系,9,16,5.38,31.17,符合,
114,科技法律研究所,7,6,11.33,17.54,未符合,
114,風險管理與保險系,9,10,3.6,24.54,符合,
114,財務管理系,9,9,7.33,27.73,符合,
114,國際企業系,11,13,6.31,25.49,符合,
114,資訊管理系,11,21,7.05,29.29,符合,
114,運籌管理系,9,15,3.27,27.49,符合,
113,人力資源發展系,9,11,6.36,30.51,符合,
113,文化創意產業系,9,11,4.18,22.67,符合,
113,化學工程與材料工程系,11,25,5.92,28.56,符合,
113,土木工程系,11,27,5.15,32.31,符合,
113,機械工程系,11,25,6.52,34.42,符合,
113,模具工程系,11,29,0,33.82,符合,
113,工業工程與管理系,11,15,10.2,30.55,符合,
113,營建工程系,9,18,3.5,30.88,符合,
113,環境與安全衛生工程系,11,21,7.71,33.01,符合,
113,機電工程系,11,19,4.5,30.52,符合,
113,工業設計系,9,9,2,19.7,符合,
113,漁業科技與管理系,9,16,0,15.74,符合,
113,水產食品科學系,9,20,2.2,24.39,符合,
113,水產養殖系,9,16,1.33,24.26,符合,
113,海洋生物技術系,9,9,0.78,19,符合,
113,海洋環境工程系,9,9,2,20.92,符合,
113,應用英語系,9,22,1.19,22.76,符合,
113,應用日語系,9,12,2.27,30.51,符合,
113,應用德語系,9,11,0.8,18.64,符合,
113,造船及海洋工程系,9,10,2.4,36.08,未符合,
113,電訊工程系,9,11,4.64,24.41,符合,
113,航運技術系,9,13,0,32.09,符合,
113,輪機工程系,9,22,0,30.86,符合,
113,海事資訊科技系,9,10,1.7,18.51,符合,
113,航運管理系,11,14,3.93,28.9,符合,
113,商務資訊應用系,9,11,0.27,33.87,符合,
113,供應鏈管理系,9,9,2.22,24.89,符合,
113,海洋休閒管理系,9,9,0.89,20.86,符合,
113,金融系,9,17,5.18,30.65,符合,
113,財務管理系,9,9,6.11,26.88,符合,
113,會計資訊系,9,14,4.08,30.54,符合,
113,金融資訊系,9,11,7,29.49,符合,
113,財政稅務系,9,12,7.55,28.51,符合,
113,觀光管理系,9,10,3.22,18.53,符合,
113,智慧商務系,9,14,7.29,36.19,未符合,
113,電機工程系,11,30,9.3,36.07,未符合,
113,電子工程系(建工校區),11,29,7.03,32.75,符合,
113,資訊工程系,9,11,6.91,32.39,符合,
113,光電工程研究所,7,8,9,18,符合,
113,電子工程系(第一校區),9,12,7.25,32.13,符合,
113,電腦與通訊工程系,9,20,4.7,32.12,符合,
113,半導體工程系,9,19,3.1,29.24,符合,
113,資訊管理系,9,19,6.5,30.06,符合,
113,運籌管理系,9,15,3.13,29.45,符合,
113,科技法律研究所,7,6,11.17,16.97,未符合,
113,行銷與流通管理系,9,19,4.42,29.16,符合,
113,國際企業系,11,12,5.33,27.72,符合,
113,企業管理系,9,12,6.25,29.33,符合,
113,風險管理與保險系,9,9,2.33,24.73,符合,
113,能源與冷凍空調工程系,7,7,0,14.32,符合,
113,車輛工程系,6,5,0,13.6,未符合,112增設
112,人力資源發展系,9,10,7.3,31.95,符合,
112,文化創意產業系,9,11,3.55,20.44,符合,
112,化學工程與材料工程系,11,24,5.96,28.62,符合,
112,土木工程系,11,26,5.31,33.58,符合,
112,機械工程系,11,29,6.55,34.41,符合,
112,模具工程系,11,29,5.31,36.72,未符合,
112,工業工程與管理系,11,15,10.93,32.18,符合,
112,營建工程系,9,16,3.75,34.32,符合,
112,環境與安全衛生工程系,11,21,7.81,33.4,符合,
112,機電工程系,9,19,5.47,34.62,符合,
112,工業設計系,9,9,2,19.6,符合,
112,漁業科技與管理系,9,12,1.4,21.7,符合,
112,水產食品科學系,9,19,2.47,26.05,符合,
112,水產養殖系,9,16,0.87,23.28,符合,
112,海洋生物技術系,9,9,1,20.67,符合,
112,海洋環境工程系,9,11,1.91,19.43,符合,
112,應用英語系,9,22,1.33,23.57,符合,
112,應用日語系,9,12,3.2,31.73,符合,
112,應用德語系,9,11,0.9,19.38,符合,
112,造船及海洋工程系,9,12,2.23,31.05,符合,
112,電訊工程系,9,11,4.64,25.83,符合,
112,航運技術系,9,13,1,33.66,符合,
112,輪機工程系,9,23,1.05,28.91,符合,
112,海事資訊科技系,9,9,1.44,21.14,符合,
112,航運管理系,11,14,3.71,28.89,符合,
112,商務資訊應用系,9,12,0.67,30.15,符合,
112,供應鏈管理系,9,8,2.13,27.48,未符合,
112,海洋休閒管理系,9,9,1.33,23.66,符合,104增設
112,海洋事務與產業管理研究所,5,4,2,3.56,未符合,
112,金融系,9,17,4.78,28.71,符合,
112,財務管理系,9,9,7.33,30.86,符合,
112,會計資訊系,9,14,4.08,31.53,符合,
112,金融資訊系,9,12,6.5,29.54,符合,
112,財政稅務系,9,12,7,27.28,符合,
112,觀光管理系,9,10,4.78,22.29,符合,
112,智慧商務系,9,15,6.4,32.67,符合,
112,電機工程系,11,28,8.83,37.17,未符合,
112,電子工程系(建工校區),11,30,6.4,32.74,符合,
112,資訊工程系,9,11,7.09,31.87,符合,
112,光電工程研究所,7,7,8.71,17.43,符合,
112,電子工程系(第一校區),9,13,6.15,29.5,符合,
112,電腦與通訊工程系,9,20,4.1,31.55,符合,
112,半導體工程系,9,17,3.17,28.9,符合,
112,資訊管理系,9,20,6.15,30.43,符合,
112,運籌管理系,9,16,3.56,29.07,符合,
112,科技法律研究所,7,7,8.29,12.95,符合,
112,行銷與流通管理系,9,18,5.44,32.67,符合,
112,國際企業系,11,12,4.75,27.83,符合,
112,企業管理系,9,12,6.08,29.67,符合,
112,風險管理與保險系,9,8,3.25,26.87,未符合,
112,能源與冷凍空調工程系,6,6,0,11.17,符合,111增設
112,車輛工程系,5,2,0,18,未符合,112增設
111,人力資源發展系,9,11,8.5,35.2,未符合,
111,文化創意產業系,9,10,4.2,23.51,符合,
111,土木工程系,11,25,4.2,33.29,符合,
111,工業工程與管理系,11,15,12.14,33.41,符合,
111,工業設計系,9,9,1.67,18.05,符合,
111,化學工程與材料工程系,11,25,6.04,29.86,符合,
111,營建工程系,9,16,3.81,34.98,符合,
111,環境與安全衛生工程系,9,20,7.45,33.6,符合,
111,水產食品科學系,9,20,2.55,25.85,符合,
111,水產養殖系,9,15,0.79,24.66,符合,
111,海洋生物技術系,9,8,1.5,20.89,未符合,
111,海洋環境工程系,9,10,2.5,20.91,符合,
111,漁業科技與管理系,9,9,2.14,26.75,符合,
111,應用日語系,9,11,3.6,33.63,符合,
111,應用英語系,9,23,1.41,25.38,符合,
111,應用德語系,9,11,0.8,19.29,符合,
111,海事資訊科技系,9,7,3.14,26.09,未符合,
111,航運技術系,9,14,1.17,30.48,符合,
111,造船及海洋工程系,9,13,3,32.14,符合,
111,電訊工程系,9,11,3.27,27.41,符合,
111,輪機工程系,9,19,1.33,34.5,符合,
111,供應鏈管理系,9,9,1.67,26.43,符合,
111,海洋休閒管理系,9,9,1.33,26.67,符合,
111,海洋事務與產業管理研究所,5,1,20,30,未符合,
111,航運管理系,11,14,4.5,30.41,符合,
111,商務資訊應用系,9,11,0.45,33.96,符合,
111,金融資訊系,9,12,7.83,32.59,符合,
111,財政稅務系,9,12,7.64,30.77,符合,
111,智慧商務系,9,12,7.92,43.06,未符合,
111,會計資訊系,9,14,4.46,33.4,符合,
111,觀光管理系,9,10,7.11,26.78,符合,
111,能源與冷凍空調工程系,5,3,0,12.33,未符合,111增設
111,模具工程系,11,28,5.64,38.76,未符合,
111,機械工程系,11,29,6.34,35.42,未符合,
111,機電工程系,9,20,4.85,33.22,符合,
111,半導體工程系,9,16,3.63,30.02,符合,
111,光電工程研究所,7,4,12.25,24.5,未符合,
111,資訊工程系,9,11,7.55,33.83,符合,
111,電子工程系(建工校區),11,26,6.85,34.75,符合,
111,電子工程系(第一校區),9,12,6.25,34.17,符合,
111,電腦與通訊工程系,9,19,3.79,32.94,符合,
111,電機工程系,11,32,7.48,33.46,符合,
111,企業管理系,9,12,6,28.77,符合,
111,行銷與流通管理系,9,16,6.19,32.85,符合,
111,金融系,9,16,5.88,33.61,符合,
111,科技法律研究所,7,5,14.8,23.93,未符合,
111,風險管理與保險系,9,9,4.78,27.63,符合,
111,財務管理系,9,9,6.44,30.6,符合,
111,國際企業系,11,11,8.09,33.99,符合,
111,資訊管理系,9,19,6.47,30.9,符合,
111,運籌管理系,9,16,3.25,29.48,符合,
110,人力資源發展系,9,12,7,31.3,符合,
110,文化創意產業系,9,10,3.5,23.15,符合,
110,土木工程系,11,27,4.3,30.02,符合,
110,工業工程與管理系,11,14,11.08,38.87,未符合,
110,工業設計系,9,9,2.33,19.81,符合,
110,化學工程與材料工程系,11,23,7.09,33.71,符合,
110,模具工程系,11,29,4.69,33.3,符合,
110,機械工程系,11,30,6,34.15,符合,
110,機電工程系,9,21,3.76,30.64,符合,
110,營建工程系,9,17,3.29,33.28,符合,
110,環境與安全衛生工程系,9,21,6.76,30.96,符合,
110,水產食品科學系,9,17,2.65,30.29,符合,
110,水產養殖系,9,15,1.36,26.67,符合,
110,海洋生物技術系,9,9,1.56,20.78,符合,
110,海洋環境工程系,9,9,2,22.33,符合,
110,漁業科技與管理系,9,11,2.44,24.17,符合,
110,應用日語系,9,11,4.44,34.73,符合,
110,應用英語系,9,21,1.65,29.96,符合,
110,應用德語系,9,9,0.88,24.21,符合,
110,海事資訊科技系,9,9,1.89,18.88,符合,
110,航運技術系,9,15,1.15,29.86,符合,
110,造船及海洋工程系,9,14,2.77,33.07,符合,
110,電訊工程系,9,10,2.5,30.68,符合,
110,輪機工程系,9,19,1.5,35.59,未符合,
110,供應鏈管理系,9,9,1.11,21.94,符合,
110,海洋休閒管理系,9,9,1.33,27.3,符合,
110,海洋事務與產業管理研究所,5,5,4.2,8,符合,
110,航運管理系,11,13,5.42,32.84,符合,
110,商務資訊應用系,9,11,0.36,31.73,符合,
110,金融資訊系,9,11,9.27,36.29,未符合,
110,財政稅務系,9,12,8.18,35.64,未符合,
110,智慧商務系,9,15,7.6,33.84,符合,
110,會計資訊系,9,16,3.53,29.56,符合,
110,觀光管理系,9,9,8.13,32.4,符合,
110,半導體工程系,9,14,3.79,31.17,符合,
110,光電工程研究所,7,7,5.57,11.14,符合,
110,資訊工程系,9,11,7.55,34.02,符合,
110,電子工程系(建工校區),11,31,6.1,30.53,符合,
110,電子工程系(第一校區),9,12,5.92,33.27,符合,
110,電腦與通訊工程系,9,20,3.2,30.04,符合,
110,電機工程系,11,34,6.45,32.03,符合,
110,企業管理系,9,12,6.5,29.74,符合,
110,行銷與流通管理系,9,18,5.83,31.75,符合,
110,金融系,9,15,4.93,32.17,符合,
110,科技法律研究所,7,7,11.43,19.59,符合,
110,風險管理與保險系,9,10,3.9,26.54,符合,
110,財務管理系,9,10,5.5,28.2,符合,
110,國際企業系,11,12,9.58,35.18,未符合,
110,資訊管理系,9,18,7.39,32.71,符合,
110,運籌管理系,9,17,2.41,26.47,符合,
114,水圈學院水產科技產業博士班,2,6,,21.19,符合,104增設
114,海事風電工程碩士學位學程,2,2,,32.09,符合,108增設
114,海事學院海事科技產學合作博士班,2,2,,29.03,符合,
114,【特殊專班】海事學院_智慧海事技優專班,2,1,,31.88,未符合,
114,商業智慧學院博士班,2,2,,32.09,符合,109增設
114,高瞻科技不分系學士學位學程,2,5,,28.58,符合,110增設
114,【特殊專班】電機與資訊學院_智慧系統技優專班,2,2,,33.92,未符合,
114,國際管理碩士學位學程,2,2,,28.33,符合,
114,管理學院高階主管經營管理碩士在職專班,2,2,,26.47,符合,104增設
114,管理學院博士班,2,2,,28.05,符合,
113,工學院工程科技博士班,2,0,,28.47,未符合,
113,水圈學院水產科技產業博士班,2,9,,22.49,符合,104增設
113,海事學院海事科技產學合作博士班,2,2,,29.88,符合,
113,海事風電工程碩士學位學程,2,2,,32.72,符合,108增設
113,管理學院博士班,2,2,,28.37,符合,
113,管理學院高階主管經營管理碩士在職專班,2,2,,26.02,符合,104增設
113,管理學院企業管理高階經營管理碩士在職專班,2,2,,30.99,符合,
113,國際管理碩士學位學程,2,2,,28.71,符合,
113,商業智慧學院博士班,2,2,,28.1,符合,109增設
113,高瞻科技不分系學士學位學程,2,4,,28.74,符合,110增設
113,【特殊專班】電機與資訊學院_智慧系統技優專班,2,2,,30.94,未符合,
113,【特殊專班】海事學院_智慧海事技優專班,2,1,,36.06,未符合,
112,工學院工程科技博士班,2,2,,30.99,符合,
112,水圈學院水產科技產業博士班,2,8,,23.46,符合,104增設
112,海事學院海事科技產學合作博士班,2,2,,32.17,符合,
112,海事風電工程碩士學位學程,2,2,,33.42,符合,
112,管理學院博士班,2,2,,29.26,符合,
112,管理學院高階主管經營管理碩士在職專班,2,2,,27.78,符合,104增設
112,管理學院企業管理高階經營管理碩士在職專班,2,2,,32.89,符合,
112,國際管理碩士學位學程,2,2,,28.99,符合,
112,創業管理碩士學位學程,2,0,,28.53,未符合,
112,商業智慧學院博士班,2,1,,31.29,未符合,
112,高瞻科技不分系學士學位學程,2,2,,29.52,符合,110增設
112,【特殊專班】電機與資訊學院_智慧系統技優專班,2,1,,29.99,未符合,
112,【特殊專班】海事學院_智慧海事技優專班,2,2,,39.13,未符合,
111,工學院工程科技博士班,2,2,,32.05,符合,
111,水圈學院水產科技產業博士班,2,3,,31.46,符合,
111,海事風電工程碩士學位學程,2,1,,40.05,未符合,
111,海事學院海事科技產學合作博士班,2,0,,38.19,未符合,
111,【特殊專班】海事學院_智慧海事技優專班,2,1,,41.42,未符合,
111,財務金融學院博士班,2,0,,35.62,未符合,110停招
111,商業智慧學院博士班,2,0,,37.38,未符合,109增設
111,高瞻科技不分系學士學位學程,2,2,,30.79,符合,110增設
111,【特殊專班】電機與資訊學院_智慧系統技優專班,2,2,,10.5,未符合,
111,國際管理碩士學位學程,2,0,,31.78,未符合,
111,創業管理碩士學位學程,2,0,,33.39,未符合,
111,管理學院企業管理高階經營管理碩士在職專班,2,0,,39.12,未符合,
111,管理學院高階主管經營管理碩士在職專班,2,0,,30.95,未符合,
111,管理學院博士班財金組,2,0,,35.76,未符合,
111,管理學院博士班管理組,2,0,,30.37,未符合,
110,工學院工程科技博士班,2,3,,28.72,符合,
110,水圈學院水產科技產業博士班,2,2,,32.54,符合,
110,海事風電工程碩士學位學程,2,2,,30.95,符合,
110,海事學院海事科技產學合作博士班,2,2,,32.25,符合,
110,【特殊專班】海事學院_智慧海事技優專班,2,2,,41.19,未符合,
110,商業智慧學院博士班,2,2,,34.82,符合,
110,高瞻科技不分系學士學位學程,2,1,,32.65,未符合,110增設
110,【特殊專班】電機與資訊學院_智慧系統技優專班,2,2,,12.5,未符合,
110,國際管理碩士學位學程,2,0,,28.14,未符合,
110,創業管理碩士學位學程,2,2,,30.66,符合,
110,管理學院企業管理高階經營管理碩士在職專班,2,2,,32.6,符合,
110,管理學院高階主管經營管理碩士在職專班,2,0,,30.1,未符合,
110,管理學院博士班財金組,2,0,,32.91,未符合,
110,管理學院博士班管理組,2,0,,29.67,未符合,
